,2010.0,2012.0
28786.0,,5.486666666666666
61120.0,,5.4
11144.0,,5.372340425531915
48765.0,,4.859375
13215.0,,4.647887323943662
24815.0,,4.611111111111111
47473.0,,3.916666666666667
9118.0,,3.6571428571428575
34070.0,,3.4655172413793105
20520.0,,3.4102564102564106
23456.0,,3.379746835443038
20694.0,,3.1877133105802047
27475.0,,3.1728395061728394
59085.0,,3.0681818181818183
54701.0,,2.989648033126294
6589.0,,2.9426751592356686
11789.0,,2.902439024390244
30565.0,,2.9
36996.0,,2.8902439024390243
5554.0,,2.878698224852071
57783.0,,2.8727272727272726
43850.0,,2.8653846153846154
7271.0,,2.8441176470588236
23752.0,,2.8378378378378377
18570.0,,2.765402843601896
13525.0,,2.7636363636363637
28776.0,,2.5662983425414363
29502.0,,2.5421686746987953
43340.0,,2.535816618911175
21436.0,,2.4871794871794872
11983.0,,2.436923076923077
58201.0,,2.4343434343434343
1795.0,,2.433854000637552
22081.0,,2.4307692307692306
21278.0,,2.426630434782609
33362.0,,2.4225352112676055
51178.0,,2.4035087719298245
36359.0,,2.347826086956522
52543.0,,2.3421052631578947
1950.0,,2.3146067415730336
8580.0,,2.3095238095238093
3762.0,,2.288135593220339
21209.0,,2.2764423076923075
59398.0,,2.272727272727273
51927.0,,2.2722063037249285
9895.0,,2.265957446808511
6471.0,,2.2588235294117647
25982.0,,2.2386363636363638
6195.0,,2.195767195767196
11474.0,,2.1904761904761907
31718.0,,2.167130919220056
59990.0,,2.1544401544401546
47434.0,,2.152941176470588
25264.0,,2.1046025104602513
1912.0,,2.0764331210191083
19476.0,,2.0576923076923075
27614.0,,2.041994750656168
22537.0,,2.0413385826771653
60976.0,,2.033333333333333
3187.0,,2.026888948642108
14897.0,,2.0157894736842104
37196.0,,2.0121006776379478
29643.0,,2.0
19739.0,,1.9887440758293837
52151.0,,1.9696969696969697
22051.0,,1.9480812641083523
16149.0,,1.938900203665988
25255.0,,1.9302325581395348
40781.0,,1.9236641221374047
45442.0,,1.9107142857142856
45016.0,,1.9074074074074074
31328.0,,1.899761336515513
55699.0,,1.8897058823529411
4635.0,,1.8887240356083086
43212.0,,1.885321100917431
44237.0,,1.883720930232558
9844.0,,1.8783783783783785
54425.0,,1.8752228163992868
15573.0,,1.8551724137931034
180.0,,1.8541666666666665
8929.0,,1.8529411764705883
48759.0,,1.8461538461538463
4544.0,,1.8319271009112388
31213.0,,1.8125
31702.0,,1.7910447761194028
30971.0,,1.7868852459016393
38155.0,,1.7857142857142856
6473.0,,1.7857142857142856
20416.0,,1.7826086956521738
19275.0,,1.7674418604651163
37589.0,,1.7618037135278515
9826.0,,1.7541436464088398
25551.0,,1.7381404174573056
25972.0,,1.727047146401985
50268.0,,1.6993243243243241
16422.0,,1.6923076923076925
61701.0,,1.6868686868686869
57575.0,,1.6715542521994133
42454.0,,1.6477495107632092
49959.0,,1.6382978723404253
50284.0,,1.6363636363636362
14586.0,,1.6355140186915889
16583.0,,1.6323529411764706
30802.0,,1.6282051282051282
36753.0,,1.6274809160305344
27042.0,,1.6122448979591835
45020.0,,1.6009174311926606
28210.0,,1.5952380952380953
60742.0,,1.5944700460829493
59855.0,,1.59375
34160.0,,1.5920177383592016
17387.0,,1.5892514395393476
53025.0,,1.5862068965517242
51395.0,,1.5739130434782607
59187.0,,1.5728155339805827
50998.0,,1.5714285714285716
23141.0,,1.5585585585585586
54019.0,,1.5555555555555554
20343.0,,1.545045045045045
24459.0,,1.5414847161572052
61742.0,,1.5384615384615383
53129.0,,1.536121673003802
27032.0,,1.535211267605634
56771.0,,1.527659574468085
15199.0,,1.5142857142857142
11639.0,,1.5048076923076925
35137.0,,1.5
29453.0,,1.5
50760.0,,1.497560975609756
23426.0,,1.4966442953020134
51204.0,,1.495
20926.0,,1.4937759336099585
43044.0,,1.478723404255319
31220.0,,1.474747474747475
34640.0,,1.4739884393063583
26103.0,,1.473684210526316
29593.0,,1.4677452385828382
56480.0,,1.4651162790697674
11631.0,,1.4468085106382977
24416.0,,1.4429223744292239
10413.0,,1.4291754756871038
54121.0,,1.4285714285714284
58290.0,,1.4285714285714284
31825.0,,1.428232502965599
6869.0,,1.4177215189873418
37931.0,,1.4137931034482758
38838.0,,1.4132653061224492
21401.0,,1.413199426111908
59051.0,,1.4117647058823528
48083.0,,1.4097222222222223
58388.0,,1.4047619047619047
45966.0,,1.3902439024390243
38771.0,,1.3887240356083086
54541.0,,1.3823529411764706
43204.0,,1.380952380952381
51539.0,,1.3783783783783785
1721.0,,1.375
54695.0,,1.3736263736263736
5076.0,,1.3636363636363638
50716.0,,1.3611111111111112
43066.0,,1.3607594936708862
5090.0,,1.3409090909090908
45032.0,,1.3406593406593408
61983.0,,1.331288343558282
51921.0,,1.3274161735700196
24256.0,,1.3258426966292136
27095.0,,1.3206521739130435
4666.0,,1.3199999999999998
12556.0,,1.318840579710145
22812.0,,1.3112582781456954
33374.0,,1.3093709884467266
22036.0,,1.2982917214191851
13333.0,,1.2914110429447851
12192.0,,1.2903225806451615
49289.0,,1.2857142857142856
25115.0,,1.2842105263157895
16499.0,,1.2819614711033274
51619.0,,1.2798537774167342
25784.0,,1.278481012658228
61709.0,,1.2708333333333335
51275.0,,1.2702702702702702
32372.0,,1.2654545454545456
34084.0,,1.263157894736842
53636.0,,1.2610966057441253
57398.0,,1.2598425196850394
13704.0,,1.2574257425742572
18671.0,,1.2565789473684212
45530.0,,1.2564102564102564
2015.0,,1.2430939226519335
28250.0,,1.2422611036339166
57836.0,,1.2388117283950617
18307.0,,1.2325581395348837
1099.0,,1.2298850574712645
46563.0,,1.2285714285714286
42792.0,,1.225
17524.0,,1.204081632653061
36925.0,,1.204081632653061
35831.0,,1.2037037037037037
54913.0,,1.1982456140350877
52430.0,,1.1863354037267082
60975.0,,1.1853448275862069
23521.0,,1.180487804878049
36444.0,,1.1794871794871793
42596.0,,1.1715749039692702
9052.0,,1.16267060125415
26545.0,,1.1607142857142856
59804.0,,1.1604938271604937
6681.0,,1.155844155844156
55860.0,,1.1541501976284585
30978.0,,1.1500474833808165
3018.0,,1.15
41745.0,,1.1479028697571745
42386.0,,1.146788990825688
56170.0,,1.145
17229.0,,1.1446886446886446
29775.0,,1.1428571428571428
46056.0,,1.1400233372228703
2026.0,,1.137869611685073
28095.0,,1.1361829025844932
17740.0,,1.1355555555555554
28700.0,,1.135135135135135
17640.0,,1.1322314049586777
41097.0,,1.129032258064516
20994.0,,1.128840436075322
29154.0,,1.125
11380.0,,1.122950819672131
52513.0,,1.12225405921681
24931.0,,1.1222222222222222
46285.0,,1.1219211822660098
28135.0,,1.1100917431192658
54365.0,,1.1099999999999999
20327.0,,1.1071428571428572
31359.0,,1.1055276381909547
22371.0,,1.0992694456381606
35915.0,,1.0964360587002098
56441.0,,1.0928196147110332
41449.0,,1.092175777063237
15686.0,,1.0911062906724514
36127.0,,1.0905368516833485
54064.0,,1.088495575221239
13342.0,,1.0864197530864197
47315.0,,1.080568720379147
32073.0,,1.078125
47138.0,,1.0777385159010602
51978.0,,1.0757575757575757
52923.0,,1.0750000000000002
42414.0,,1.073529411764706
10773.0,,1.0726072607260728
3453.0,,1.0707964601769913
31476.0,,1.0664556962025316
29676.0,,1.0660828025477707
42934.0,,1.064935064935065
10708.0,,1.0625
7103.0,,1.0614617940199333
30910.0,,1.05685618729097
41547.0,,1.055378061767838
22341.0,,1.0522648083623691
33722.0,,1.049382716049383
24061.0,,1.0465116279069768
27708.0,,1.0460704607046072
21958.0,,1.044776119402985
45897.0,,1.0421052631578949
21096.0,,1.0419968304278924
36694.0,,1.0373134328358211
42728.0,,1.0363349131121642
52041.0,,1.0353302611367128
21485.0,,1.0319148936170213
30919.0,,1.03125
33912.0,,1.029126213592233
46948.0,,1.0256410256410255
27720.0,,1.025
1115.0,,1.0238095238095237
1078.0,,1.021978021978022
28676.0,,1.0192307692307692
14167.0,,1.017730496453901
61778.0,,1.0170244263508512
20949.0,,1.0133333333333332
25389.0,,1.0120481927710845
20151.0,,1.0105795768169274
13130.0,,1.0047846889952154
16251.0,,1.0
30559.0,,1.0
13361.0,,0.9961538461538462
61456.0,,0.9916666666666667
18646.0,,0.991304347826087
26865.0,,0.9912280701754386
36484.0,,0.9896818572656922
42440.0,,0.9895833333333333
20223.0,,0.9894179894179893
51590.0,,0.9893048128342246
29946.0,,0.9879336349924586
38249.0,,0.9846153846153847
20109.0,,0.9803476946334089
11825.0,,0.9776119402985075
31827.0,,0.97437266417512
29156.0,,0.9741697416974169
5350.0,,0.9738878143133463
36565.0,,0.9737991266375545
30314.0,,0.9712820512820513
20439.0,,0.9707317073170731
12423.0,,0.9693877551020409
38383.0,,0.96875
3021.0,,0.9685393258426966
51038.0,,0.9664082687338502
2832.0,,0.9643527204502815
17648.0,,0.9576271186440677
18481.0,,0.9520958083832336
228.0,,0.9504950495049505
47235.0,,0.9504132231404958
34312.0,,0.9489795918367347
19351.0,,0.948523206751055
21763.0,,0.9476744186046511
44136.0,,0.9473684210526316
31271.0,,0.941747572815534
46678.0,,0.9411764705882353
31361.0,,0.9407540394973071
52967.0,,0.9404388714733543
47675.0,,0.9389830508474577
39159.0,,0.938943894389439
7674.0,,0.9384816753926701
49930.0,,0.9375
23008.0,,0.9356435643564356
19737.0,,0.9349112426035502
10423.0,,0.9318181818181819
50928.0,,0.9304347826086956
53600.0,,0.9285714285714286
6604.0,,0.921875
21637.0,,0.9192982456140351
49316.0,,0.9166666666666667
15672.0,,0.9162844036697249
38797.0,,0.9154518950437318
13491.0,,0.9137931034482758
58072.0,,0.9128822984244671
40240.0,,0.9090909090909092
51770.0,,0.9090909090909092
14852.0,,0.9090909090909092
56413.0,,0.9072700296735905
29738.0,,0.907258064516129
40620.0,,0.9065606361829026
62116.0,,0.90625
7867.0,,0.9057851239669421
19920.0,,0.9020979020979021
24833.0,,0.9011627906976745
28283.0,,0.9011588275391957
38406.0,,0.9008662175168431
39150.0,,0.8999999999999999
13346.0,,0.8999999999999999
52613.0,,0.8983050847457628
52976.0,,0.8970037453183521
1651.0,,0.8898678414096917
41509.0,,0.8888888888888888
17592.0,,0.887218045112782
25084.0,,0.8846153846153846
36680.0,,0.8841201716738198
1014.0,,0.8837209302325582
59560.0,,0.8833333333333333
13519.0,,0.882882882882883
21616.0,,0.8799999999999999
59179.0,,0.8759124087591241
24898.0,,0.875
26392.0,,0.8738229755178908
5635.0,,0.8735632183908046
10552.0,,0.8721590909090908
16891.0,,0.8720000000000001
52730.0,,0.8717948717948718
16727.0,,0.8712121212121211
29496.0,,0.8709677419354838
25402.0,,0.8679611650485437
2650.0,,0.8679245283018868
8585.0,,0.8672566371681416
18974.0,,0.8666666666666667
52750.0,,0.8664406779661018
57307.0,,0.865546218487395
34130.0,,0.8651685393258426
25239.0,,0.8631578947368421
59424.0,,0.8611111111111112
9464.0,,0.8611111111111112
22455.0,,0.8610846812559467
41572.0,,0.8588465646137415
49342.0,,0.8571428571428572
29578.0,,0.8562874251497006
52656.0,,0.853658536585366
26000.0,,0.8531879194630871
43110.0,,0.8529411764705883
7043.0,,0.8510638297872339
44222.0,,0.8507462686567164
13981.0,,0.8503937007874016
39980.0,,0.8483896307934014
2150.0,,0.8466666666666667
35868.0,,0.8461538461538463
57877.0,,0.8461538461538463
34969.0,,0.8461538461538463
26742.0,,0.8461152882205514
34587.0,,0.8452554744525547
28495.0,,0.84375
49397.0,,0.8420365535248042
17884.0,,0.841897233201581
36953.0,,0.8417266187050361
11197.0,,0.8400000000000001
9092.0,,0.837037037037037
20424.0,,0.8369152970922882
40812.0,,0.8350515463917525
1405.0,,0.8333333333333333
61784.0,,0.8328840970350404
18608.0,,0.8316279069767443
13987.0,,0.8308823529411764
39213.0,,0.8292682926829269
5693.0,,0.8271889400921659
8224.0,,0.8235294117647058
30399.0,,0.8235294117647058
38616.0,,0.8227848101265822
14462.0,,0.820754716981132
34251.0,,0.8206521739130435
11754.0,,0.8194444444444444
30394.0,,0.8181818181818181
58169.0,,0.8173076923076923
19715.0,,0.8085106382978724
3884.0,,0.8076923076923077
40802.0,,0.8065693430656935
25724.0,,0.804432132963989
35947.0,,0.8018867924528301
39134.0,,0.8010590015128594
28433.0,,0.8008283132530121
46885.0,,0.8
30243.0,,0.7941176470588236
30481.0,,0.7929515418502202
61735.0,,0.7916666666666667
43203.0,,0.7906976744186047
17008.0,,0.7887323943661972
44355.0,,0.7883642495784149
22339.0,,0.7872105843439912
2837.0,,0.78562421185372
53187.0,,0.7849462365591398
15182.0,,0.7836583101207057
144.0,,0.7807792207792208
29208.0,,0.7781082688875669
53870.0,,0.7777777777777777
45554.0,,0.7775280898876404
27660.0,,0.7763975155279503
28941.0,,0.776098901098901
18471.0,,0.7744548286604362
16949.0,,0.7740384615384615
41177.0,,0.7729729729729731
9512.0,,0.7727272727272727
26437.0,,0.7714285714285714
27444.0,,0.7690140845070423
29002.0,,0.767605633802817
37320.0,,0.7674418604651163
43101.0,,0.7672413793103448
23250.0,,0.7666666666666666
26056.0,,0.7657657657657657
58854.0,,0.7607361963190185
33826.0,,0.7575757575757576
32390.0,,0.7567567567567568
56069.0,,0.7555110220440882
7075.0,,0.7547169811320755
11242.0,,0.7530864197530864
30838.0,,0.75
60438.0,,0.75
5016.0,,0.75
55788.0,,0.75
41600.0,,0.75
49631.0,,0.75
19652.0,,0.75
32611.0,,0.75
38456.0,,0.75
31969.0,,0.7475728155339805
50930.0,,0.7474315068493151
10162.0,,0.7468354430379747
27387.0,,0.7458441078684892
6955.0,,0.7457111234089651
51489.0,,0.7419354838709677
12012.0,,0.7419354838709677
53680.0,,0.7407407407407407
32757.0,,0.7403846153846154
33016.0,,0.7391304347826086
35989.0,,0.736842105263158
12668.0,,0.7361111111111112
8931.0,,0.7357293868921775
18983.0,,0.7355658198614319
31673.0,,0.735483870967742
18702.0,,0.7333333333333334
32348.0,,0.7316293929712461
3060.0,,0.7307692307692308
15604.0,,0.7307001795332135
11562.0,,0.7303664921465969
2803.0,,0.7297297297297298
4577.0,,0.7290322580645161
16130.0,,0.7290076335877862
11223.0,,0.7279411764705883
28542.0,,0.7272727272727273
43688.0,,0.7265415549597856
11255.0,,0.7261904761904763
45293.0,,0.7261904761904763
56520.0,,0.7248908296943231
59250.0,,0.7234042553191489
32812.0,,0.7232704402515724
42499.0,,0.7207461842849068
42707.0,,0.7198275862068966
21476.0,,0.7195676905574517
34318.0,,0.7194570135746607
33781.0,,0.7192118226600985
8991.0,,0.7191011235955056
8620.0,,0.7185628742514969
41238.0,,0.7181425485961124
37248.0,,0.7179487179487178
1283.0,,0.7168405365126678
17443.0,,0.7164179104477613
42548.0,,0.7162162162162162
31001.0,,0.7142857142857142
35867.0,,0.7136563876651982
53470.0,,0.7124999999999999
43723.0,,0.7116599655370477
45030.0,,0.7096774193548387
54347.0,,0.7083333333333333
9140.0,,0.7066115702479339
32499.0,,0.7058823529411764
48955.0,,0.7054545454545456
1025.0,,0.7040714995034756
41707.0,,0.7036625971143173
17650.0,,0.7032967032967032
48053.0,,0.7027687296416938
18061.0,,0.7023255813953488
31512.0,,0.7012840729894121
24529.0,,0.7007874015748032
1155.0,,0.7005347593582887
43855.0,,0.7
29776.0,,0.6995810891681629
57080.0,,0.6971405557792993
56452.0,,0.6941838649155723
41578.0,,0.6927710843373494
37532.0,,0.6923076923076923
29873.0,,0.6903225806451614
55598.0,,0.6903225806451614
49106.0,,0.6900584795321638
9593.0,,0.6896551724137931
10372.0,,0.6841477949940404
13515.0,,0.6818181818181819
44842.0,,0.681159420289855
10171.0,,0.680327868852459
8579.0,,0.6796116504854368
32942.0,,0.6794258373205742
24364.0,,0.6791666666666667
56700.0,,0.6777777777777778
14903.0,,0.6768558951965065
26579.0,,0.6756756756756757
58552.0,,0.674863387978142
37079.0,,0.6744186046511629
43327.0,,0.6744186046511629
41032.0,,0.6735218508997429
41280.0,,0.6730769230769231
4955.0,,0.6674233825198639
61361.0,,0.6673511293634498
17577.0,,0.6666666666666667
59845.0,,0.6661264181523501
36019.0,,0.665907365223994
33730.0,,0.6640866873065014
12088.0,,0.663716814159292
47532.0,,0.661596958174905
33419.0,,0.6608187134502923
22151.0,,0.6607142857142858
10878.0,,0.6590909090909092
23432.0,,0.6585365853658536
32246.0,,0.6578947368421053
38343.0,,0.6571428571428573
6849.0,,0.6546762589928057
20946.0,,0.6544276457883369
19155.0,,0.6513761467889909
17537.0,,0.6499999999999999
29400.0,,0.6494845360824741
5780.0,,0.6494611457742485
12703.0,,0.6493506493506493
31485.0,,0.6493506493506493
18802.0,,0.6487867177522351
12475.0,,0.6486486486486487
4083.0,,0.6481481481481481
2288.0,,0.647887323943662
27163.0,,0.6470588235294117
41079.0,,0.6452830188679246
27077.0,,0.6444444444444444
33641.0,,0.6428571428571428
29715.0,,0.6425829448862079
61451.0,,0.6424581005586592
47178.0,,0.6383928571428572
3831.0,,0.6381031613976706
12761.0,,0.637901861252115
54737.0,,0.6341463414634145
54496.0,,0.632495164410058
27886.0,,0.6323529411764706
14273.0,,0.6313131313131313
13357.0,,0.6312500000000001
46138.0,,0.630976430976431
15973.0,,0.6288951841359773
34095.0,,0.6285714285714286
14366.0,,0.627906976744186
18527.0,,0.6275071633237823
50070.0,,0.625
11928.0,,0.625
42647.0,,0.624113475177305
22078.0,,0.6237623762376239
12182.0,,0.6224489795918366
35247.0,,0.6210153482880756
47533.0,,0.6200000000000001
21085.0,,0.6182380216383307
50500.0,,0.6173814898419865
2716.0,,0.616780045351474
7149.0,,0.6161616161616161
25282.0,,0.6161137440758293
50908.0,,0.6153846153846154
51197.0,,0.6151079136690647
61145.0,,0.6132075471698113
39533.0,,0.6106194690265487
7148.0,,0.608548931383577
21736.0,,0.6080402010050252
57058.0,,0.6076672104404568
53497.0,,0.6076555023923444
7741.0,,0.6069767441860465
14502.0,,0.606060606060606
48880.0,,0.6058252427184465
29178.0,,0.6031941031941033
5879.0,,0.602787456445993
35381.0,,0.6013297872340426
12204.0,,0.6000000000000001
59803.0,,0.6000000000000001
17359.0,,0.598901098901099
25001.0,,0.5975609756097562
23171.0,,0.5975609756097562
14164.0,,0.5973223480947476
16440.0,,0.5970149253731343
31871.0,,0.5955555555555556
1748.0,,0.5951923076923078
29605.0,,0.5945945945945945
53927.0,,0.5945945945945945
26687.0,,0.5932346723044397
16332.0,,0.5932203389830508
50906.0,,0.5915422885572139
53433.0,,0.5894736842105264
15955.0,,0.5892857142857142
2583.0,,0.5880829015544042
52741.0,,0.5865817091454273
34475.0,,0.586080586080586
39791.0,,0.5857988165680474
39939.0,,0.5854700854700854
18246.0,,0.5845697329376855
34467.0,,0.58363802559415
17825.0,,0.5833333333333333
919.0,,0.5828877005347595
41810.0,,0.5825242718446602
46036.0,,0.5823084200567645
2959.0,,0.5820024570024569
17014.0,,0.5803108808290156
21982.0,,0.5789473684210527
8084.0,,0.5785616124599176
42070.0,,0.5780821917808219
16430.0,,0.5769230769230769
14641.0,,0.5766233766233766
16223.0,,0.576086956521739
9834.0,,0.5752212389380531
28161.0,,0.575159605339524
2041.0,,0.5743589743589743
35982.0,,0.573394495412844
61869.0,,0.5730337078651686
11007.0,,0.5725190839694656
58920.0,,0.5719844357976653
42869.0,,0.5719656283566057
21479.0,,0.5717821782178218
12776.0,,0.5714285714285714
55943.0,,0.5714285714285714
35053.0,,0.5714285714285714
31584.0,,0.5698924731182795
60753.0,,0.5690463783220427
30913.0,,0.5688073394495412
55285.0,,0.5680762649718896
40398.0,,0.5678119349005426
22337.0,,0.5668016194331984
17075.0,,0.5656565656565657
10393.0,,0.5652173913043479
15788.0,,0.5641025641025641
31386.0,,0.5639097744360901
55947.0,,0.563843648208469
20314.0,,0.5638297872340425
43885.0,,0.5629955947136565
52110.0,,0.5617501764290755
48095.0,,0.5615496017378712
16220.0,,0.561042524005487
9175.0,,0.5597014925373134
15012.0,,0.5594594594594595
27875.0,,0.5590626494500239
40081.0,,0.5588235294117647
41524.0,,0.5586080586080586
15747.0,,0.5575757575757576
59908.0,,0.5573033707865169
47215.0,,0.5571428571428572
43122.0,,0.5555555555555556
59088.0,,0.5533980582524272
36950.0,,0.5530753968253967
13899.0,,0.5525423728813559
4876.0,,0.5522388059701493
29412.0,,0.5522388059701493
8306.0,,0.5515463917525774
4790.0,,0.5507246376811594
55352.0,,0.550546963410034
49731.0,,0.5495495495495495
29885.0,,0.5494505494505495
16389.0,,0.548913043478261
49172.0,,0.547486033519553
25151.0,,0.5473684210526315
57173.0,,0.5471698113207548
52536.0,,0.5461801596351197
48024.0,,0.546134663341646
29789.0,,0.5458715596330275
19840.0,,0.5454051114736269
28724.0,,0.5450643776824033
15057.0,,0.5443686006825939
40195.0,,0.5434782608695652
6939.0,,0.5428926647326979
60863.0,,0.5411764705882354
45002.0,,0.5408388520971303
17341.0,,0.54
28277.0,,0.5397307859313938
31561.0,,0.5395348837209302
11247.0,,0.5391095066185319
54149.0,,0.5387462410363173
60650.0,,0.5384615384615385
33349.0,,0.5384615384615385
54788.0,,0.5379410343160946
21605.0,,0.537625754527163
7459.0,,0.5374301675977653
20145.0,,0.5354558610709117
10989.0,,0.5330739299610896
26646.0,,0.5329861111111112
34736.0,,0.5320374370050396
23489.0,,0.5319148936170213
53124.0,,0.5317919075144508
33310.0,,0.5294117647058822
45254.0,,0.5294117647058822
50359.0,,0.5274725274725274
13151.0,,0.5272727272727273
8364.0,,0.527027027027027
44653.0,,0.5268817204301075
300.0,,0.5263157894736843
49783.0,,0.5261401557285874
20612.0,,0.5257664709719505
32693.0,,0.5256410256410255
1477.0,,0.5254237288135593
7742.0,,0.5246636771300448
36383.0,,0.5238095238095237
29486.0,,0.5233644859813085
56428.0,,0.5216465578424414
57289.0,,0.5216000000000001
37445.0,,0.5208530805687204
60644.0,,0.5205479452054795
36437.0,,0.52
44871.0,,0.519838601210491
14199.0,,0.5190839694656488
59143.0,,0.5183246073298429
44246.0,,0.5182879377431906
38521.0,,0.5180439330543933
621.0,,0.5176470588235293
13172.0,,0.5176211453744493
54035.0,,0.5172413793103448
56733.0,,0.5172413793103448
55268.0,,0.5171102661596958
37862.0,,0.5161290322580645
36609.0,,0.5156765676567656
22215.0,,0.5151515151515151
46430.0,,0.5151515151515151
45049.0,,0.5149953139643861
53119.0,,0.514959202175884
53768.0,,0.5143139190523198
8568.0,,0.5142857142857142
5489.0,,0.5137614678899083
55433.0,,0.512863070539419
44663.0,,0.5128205128205128
6714.0,,0.5125
15180.0,,0.5121951219512195
37066.0,,0.5121951219512195
54625.0,,0.5118644067796609
5406.0,,0.5116279069767442
61455.0,,0.5109170305676856
45691.0,,0.5101899827288428
52743.0,,0.5100401606425702
7785.0,,0.5093457943925233
11191.0,,0.5083333333333333
53313.0,,0.5075757575757576
6677.0,,0.5075376884422111
36900.0,,0.5060240963855422
18302.0,,0.5056338028169014
13542.0,,0.5042016806722689
28920.0,,0.5038759689922481
59331.0,,0.5031111111111111
50798.0,,0.5029585798816567
38840.0,,0.5009487666034156
25548.0,,0.500780031201248
53565.0,,0.5
46400.0,,0.5
46629.0,,0.5
62069.0,,0.499003984063745
41228.0,,0.49710982658959546
30598.0,,0.49563318777292587
51742.0,,0.49532710280373826
59967.0,,0.49514563106796117
20041.0,,0.49494949494949503
26827.0,,0.49411764705882355
43365.0,,0.4939666730511396
40366.0,,0.49367088607594933
18621.0,,0.4925373134328359
2581.0,,0.49222797927461137
47027.0,,0.49040767386091133
34834.0,,0.4893617021276595
39995.0,,0.48894668400520147
11360.0,,0.4886877828054299
19048.0,,0.4883720930232558
5906.0,,0.4878048780487805
1285.0,,0.4871794871794872
17048.0,,0.48712998712998723
35128.0,,0.48703703703703694
43930.0,,0.48699421965317913
49498.0,,0.48672566371681425
34219.0,,0.4864864864864864
3327.0,,0.48645598194130923
16296.0,,0.48638458315877675
46518.0,,0.4862579281183932
48269.0,,0.485981308411215
54158.0,,0.48571428571428577
53075.0,,0.48514851485148514
48338.0,,0.48514851485148514
3988.0,,0.48484848484848486
23403.0,,0.48455804046858364
36560.0,,0.4838709677419355
24358.0,,0.4836601307189543
9015.0,,0.4829545454545454
28571.0,,0.48257372654155506
22385.0,,0.4822895277207393
41764.0,,0.4821428571428572
16817.0,,0.4820717131474104
32943.0,,0.4820143884892085
42629.0,,0.4816625916870416
61948.0,,0.4811320754716981
59520.0,,0.4811320754716981
35846.0,,0.48062015503875966
53908.0,,0.4802259887005649
36100.0,,0.48
48089.0,,0.47959183673469385
18904.0,,0.47916666666666674
44468.0,,0.47894021739130443
52914.0,,0.4787775891341257
54794.0,,0.47849705749207794
388.0,,0.4782608695652173
45309.0,,0.47773654916512065
12521.0,,0.4776119402985075
34297.0,,0.4776119402985075
2682.0,,0.4774774774774775
13459.0,,0.4772727272727273
30030.0,,0.4763092269326683
48464.0,,0.4761904761904763
38541.0,,0.4761904761904763
33874.0,,0.47593582887700525
28670.0,,0.47593582887700525
61330.0,,0.47530864197530853
48048.0,,0.47519260400616337
26973.0,,0.4750000000000001
56006.0,,0.47457627118644075
51186.0,,0.47434554973821985
38167.0,,0.4742746615087041
19527.0,,0.47379679144385034
59366.0,,0.4736842105263157
4712.0,,0.47317073170731705
38544.0,,0.4720496894409938
44797.0,,0.471604938271605
59765.0,,0.47058823529411775
43426.0,,0.4700854700854702
39494.0,,0.4681724845995894
27066.0,,0.46808510638297873
42125.0,,0.46730245231607626
36304.0,,0.4672131147540983
35736.0,,0.46700507614213205
58738.0,,0.46575342465753433
61683.0,,0.4651162790697674
9337.0,,0.46504934210526305
36604.0,,0.4642857142857142
51925.0,,0.46376318475672007
34580.0,,0.4635761589403973
49710.0,,0.46288209606986896
52369.0,,0.4625623960066556
38509.0,,0.4624624624624625
43584.0,,0.46212121212121215
32869.0,,0.4619883040935673
49711.0,,0.4607843137254901
52062.0,,0.45882352941176463
33169.0,,0.457516339869281
37382.0,,0.45744680851063824
51118.0,,0.4563106796116505
19428.0,,0.45580933465739815
47091.0,,0.4555555555555555
38729.0,,0.45549738219895297
7030.0,,0.45480631276901007
44608.0,,0.4545454545454546
49821.0,,0.4545454545454546
24790.0,,0.45417156286721494
24339.0,,0.45399999999999996
18659.0,,0.4536637931034482
595.0,,0.4527452745274527
26077.0,,0.45272525027808674
35239.0,,0.45197740112994356
40353.0,,0.45070422535211274
26740.0,,0.44915254237288127
38750.0,,0.4491017964071857
14631.0,,0.44894651539708263
8108.0,,0.44886363636363646
13740.0,,0.44666666666666677
44877.0,,0.44578696343402235
24042.0,,0.4457831325301205
58433.0,,0.44557823129251695
24913.0,,0.44545454545454555
3709.0,,0.4444444444444444
30643.0,,0.4444444444444444
48708.0,,0.4444444444444444
21705.0,,0.44367816091954015
24214.0,,0.4435433562071116
20679.0,,0.4434389140271493
40115.0,,0.4423076923076923
30691.0,,0.4422110552763818
29998.0,,0.43999999999999995
46237.0,,0.4395543175487464
41815.0,,0.4389275074478649
6105.0,,0.43877551020408156
52152.0,,0.43865030674846617
31880.0,,0.43801652892561993
8398.0,,0.43648519579751666
52221.0,,0.4358974358974359
57957.0,,0.435483870967742
29914.0,,0.43527918781725883
26799.0,,0.4347826086956521
24967.0,,0.43452380952380953
34129.0,,0.43440050219711246
41693.0,,0.43410852713178305
5747.0,,0.43243243243243246
51155.0,,0.4318181818181819
42960.0,,0.4310344827586208
10492.0,,0.430939226519337
17120.0,,0.42999999999999994
13763.0,,0.4286486486486487
19664.0,,0.4285714285714286
52284.0,,0.42818428184281854
40973.0,,0.42816901408450714
52059.0,,0.4273504273504274
11091.0,,0.4263157894736842
40301.0,,0.4261113336003204
5905.0,,0.4259259259259258
10412.0,,0.42581726739312664
19376.0,,0.42579908675799083
57519.0,,0.42535211267605644
25370.0,,0.42508278145695355
57757.0,,0.4250423011844331
6565.0,,0.42500000000000004
44807.0,,0.4247787610619469
42355.0,,0.42469879518072284
48050.0,,0.42399999999999993
52090.0,,0.4238586616635398
20526.0,,0.423728813559322
10729.0,,0.42352941176470593
18170.0,,0.42307692307692313
54490.0,,0.4224137931034482
53899.0,,0.42202462380300965
40980.0,,0.4214677640603566
61718.0,,0.42098445595854916
11243.0,,0.4201165286721864
528.0,,0.41999999999999993
19874.0,,0.41927899686520376
23663.0,,0.41891891891891886
28423.0,,0.4186046511627908
43376.0,,0.41817466561762395
35791.0,,0.4181034482758621
11136.0,,0.41800643086816724
13838.0,,0.4172185430463575
47308.0,,0.41666666666666674
45271.0,,0.4152542372881356
47836.0,,0.4149408284023668
40396.0,,0.4148319814600232
37637.0,,0.41481481481481475
10052.0,,0.41463414634146334
42432.0,,0.41463414634146334
38413.0,,0.4137931034482758
40773.0,,0.4135338345864661
17036.0,,0.41346153846153855
10025.0,,0.41338466094166426
13539.0,,0.4125560538116593
37046.0,,0.41239892183288407
27458.0,,0.4121756487025947
7831.0,,0.4114285714285715
29079.0,,0.4114173228346456
52432.0,,0.41081081081081083
46726.0,,0.4103773584905661
45107.0,,0.41007297181284885
41568.0,,0.4098360655737705
26084.0,,0.4098360655737705
58428.0,,0.40892193308550184
45215.0,,0.40881872618399573
20101.0,,0.40873015873015883
24415.0,,0.4085872576177285
17347.0,,0.4083820662768032
47412.0,,0.40825688073394506
24090.0,,0.40796897038081803
47721.0,,0.40723737510126923
2641.0,,0.40626506024096387
16246.0,,0.40625
8106.0,,0.40625
24249.0,,0.40625
22574.0,,0.4054054054054055
11396.0,,0.4051724137931034
35722.0,,0.40476190476190466
44425.0,,0.4045801526717556
15699.0,,0.40445859872611467
54566.0,,0.40441176470588225
58768.0,,0.40437336814621405
15313.0,,0.4042553191489362
35535.0,,0.4035087719298245
54741.0,,0.4035087719298245
48340.0,,0.403225806451613
28627.0,,0.40140845070422526
52671.0,,0.4008810572687225
50461.0,,0.3999999999999999
48569.0,,0.3999999999999999
40485.0,,0.3993055555555556
19881.0,,0.39814814814814814
54213.0,,0.39700056593095634
14871.0,,0.3955808980755524
33503.0,,0.3951447791751974
45640.0,,0.39510224690734663
59755.0,,0.39504260263361735
19314.0,,0.39473684210526305
50342.0,,0.39473684210526305
9605.0,,0.3945578231292517
18445.0,,0.394280205655527
31634.0,,0.3936170212765957
28447.0,,0.39344262295081966
59254.0,,0.39272030651340994
30803.0,,0.3922337014606341
2045.0,,0.39175724637681153
54077.0,,0.3913043478260869
7950.0,,0.3913043478260869
15683.0,,0.39126181936745996
54860.0,,0.39102564102564097
24605.0,,0.39082568807339446
22211.0,,0.3899999999999999
22113.0,,0.3897058823529411
13797.0,,0.3896103896103895
55081.0,,0.3896103896103895
28936.0,,0.38888888888888884
1106.0,,0.38877551020408174
15286.0,,0.3887210473313192
61194.0,,0.38842975206611574
24148.0,,0.3880597014925373
55119.0,,0.3877551020408163
52494.0,,0.38753799392097266
58907.0,,0.3870967741935485
58374.0,,0.3864063086744274
39250.0,,0.3858921161825726
55041.0,,0.3854666174843231
58662.0,,0.38524590163934436
61883.0,,0.3849056603773584
46047.0,,0.38390804597701145
11740.0,,0.3834586466165413
22936.0,,0.3831796223100572
9022.0,,0.3830935251798562
13834.0,,0.3830845771144278
51048.0,,0.3825136612021858
8045.0,,0.3822894168466522
39786.0,,0.38198757763975166
40250.0,,0.381720430107527
33203.0,,0.38142857142857145
40007.0,,0.3799999999999999
26098.0,,0.3793103448275863
55214.0,,0.3793103448275863
58586.0,,0.3783783783783783
35048.0,,0.3783783783783783
50513.0,,0.3774834437086092
61142.0,,0.37735849056603765
56475.0,,0.3770491803278688
33687.0,,0.37681159420289845
13301.0,,0.37575757575757573
34720.0,,0.375
14377.0,,0.375
37778.0,,0.37323943661971826
45626.0,,0.3728813559322033
39755.0,,0.3728732326863169
11879.0,,0.37186007088919704
17035.0,,0.3707865168539326
23396.0,,0.36980883322346747
13237.0,,0.36979166666666674
28384.0,,0.36956521739130443
10706.0,,0.3689320388349515
4042.0,,0.3689131281651734
3446.0,,0.36848958333333326
40748.0,,0.36754221388367725
4528.0,,0.3666427030913013
30896.0,,0.36645962732919246
9234.0,,0.3659420289855073
34040.0,,0.3653846153846154
53065.0,,0.3650793650793651
34199.0,,0.3648648648648649
37474.0,,0.36448598130841114
61671.0,,0.3643659711075442
14142.0,,0.36392405063291133
19176.0,,0.36363636363636354
23329.0,,0.3629032258064515
32451.0,,0.36250000000000004
46447.0,,0.3623188405797102
38974.0,,0.3621848739495799
46873.0,,0.36216216216216224
44437.0,,0.3621495327102804
4138.0,,0.36209041891331406
16844.0,,0.3619909502262444
41299.0,,0.36111111111111116
21781.0,,0.3606789250353606
32607.0,,0.3600000000000001
11760.0,,0.35984848484848486
4208.0,,0.359375
37185.0,,0.359375
31675.0,,0.358931552587646
29590.0,,0.3571428571428572
42796.0,,0.35669067889107176
55297.0,,0.35593220338983045
22363.0,,0.35545023696682465
30311.0,,0.35542168674698793
62283.0,,0.354818123803446
40558.0,,0.35460385438972164
33636.0,,0.3542372881355933
37805.0,,0.35414091470951803
41464.0,,0.3529411764705883
38186.0,,0.35236541598694937
32602.0,,0.3521739130434782
58172.0,,0.35185185185185186
7522.0,,0.3504273504273505
22547.0,,0.35025380710659904
831.0,,0.3500000000000001
41695.0,,0.3500000000000001
55132.0,,0.3500000000000001
20555.0,,0.34931506849315075
25710.0,,0.34911242603550297
41104.0,,0.34870317002881834
55256.0,,0.3486424032351243
22261.0,,0.34782608695652173
28351.0,,0.3465458663646659
10968.0,,0.3465346534653466
35241.0,,0.34615384615384626
55522.0,,0.3448275862068966
43386.0,,0.34442270058708413
14346.0,,0.34375
14700.0,,0.34353091140854053
17852.0,,0.34285714285714275
57549.0,,0.3421052631578947
11752.0,,0.3416867469879519
24779.0,,0.3411764705882352
60327.0,,0.34031413612565453
55761.0,,0.34013605442176864
18451.0,,0.3389830508474576
44061.0,,0.3389388915206064
13830.0,,0.3383233532934131
14182.0,,0.3380281690140845
46887.0,,0.33793103448275863
12085.0,,0.3377483443708609
48471.0,,0.33766937669376684
41337.0,,0.3370786516853932
20590.0,,0.3358016741790084
54688.0,,0.33497861138532414
30035.0,,0.3346938775510204
35519.0,,0.33463035019455245
59165.0,,0.33446289393425954
53451.0,,0.33333333333333326
833.0,,0.33333333333333326
46723.0,,0.33333333333333326
53708.0,,0.33333333333333326
57533.0,,0.33333333333333326
15025.0,,0.33333333333333326
50763.0,,0.33333333333333326
34662.0,,0.33333333333333326
1625.0,,0.33208255159474676
51267.0,,0.33084745762711854
43811.0,,0.330830489192264
49504.0,,0.33054393305439334
33055.0,,0.3305084745762712
12179.0,,0.32986111111111116
34057.0,,0.3295454545454546
50709.0,,0.3287671232876712
34743.0,,0.3287671232876712
40033.0,,0.3272727272727274
60230.0,,0.3271028037383177
59602.0,,0.3263157894736841
35984.0,,0.32499999999999996
10498.0,,0.32499999999999996
59539.0,,0.3248532289628181
45232.0,,0.32461189604046736
60918.0,,0.323943661971831
9319.0,,0.3237113402061855
21670.0,,0.32352941176470584
30540.0,,0.32352941176470584
16265.0,,0.32307692307692304
35580.0,,0.32295998852717633
22238.0,,0.3226351351351351
8732.0,,0.3223140495867769
13412.0,,0.3211356466876971
42352.0,,0.3206349206349206
36911.0,,0.3204633204633205
8399.0,,0.3203997648442092
47697.0,,0.3203440407231877
53522.0,,0.32000000000000006
29667.0,,0.32000000000000006
43489.0,,0.3193839973217274
52698.0,,0.31921533660276413
23524.0,,0.31890660592255116
1084.0,,0.3186705767350928
27243.0,,0.31677018633540377
27111.0,,0.3160919540229885
62381.0,,0.31600000000000006
11071.0,,0.3158155676747645
22857.0,,0.3156424581005586
40586.0,,0.31547619047619047
55737.0,,0.31543624161073835
8649.0,,0.3154121863799284
60701.0,,0.31504500642948985
2907.0,,0.314516129032258
23567.0,,0.31433823529411775
19034.0,,0.3142857142857143
1149.0,,0.31325301204819267
34571.0,,0.31291611185086543
5324.0,,0.3125
15077.0,,0.3125
9900.0,,0.3125
19123.0,,0.31236897274633124
3983.0,,0.3122977346278317
51564.0,,0.3121079046424091
39521.0,,0.31192660550458706
1648.0,,0.3116147308781869
56601.0,,0.31092436974789917
30084.0,,0.31034482758620685
6051.0,,0.31034482758620685
47429.0,,0.31034482758620685
4070.0,,0.3101236830050389
19513.0,,0.31008583690987135
46362.0,,0.3099415204678362
19910.0,,0.3098591549295775
19829.0,,0.3096774193548386
14037.0,,0.3091482649842272
20719.0,,0.30805687203791465
54336.0,,0.3076923076923077
59917.0,,0.30747922437673125
11358.0,,0.30666666666666664
13597.0,,0.30666666666666664
42092.0,,0.30663221360895787
35024.0,,0.3065693430656935
30909.0,,0.30648872526461113
45599.0,,0.30590577305905775
29399.0,,0.3056349873843567
56677.0,,0.30521844660194164
9732.0,,0.305157980016203
13332.0,,0.3047619047619048
42026.0,,0.3040247678018575
61113.0,,0.30379746835443044
8602.0,,0.3036503138804929
26213.0,,0.3030993618960802
24952.0,,0.303030303030303
59578.0,,0.303030303030303
11960.0,,0.30263157894736836
12954.0,,0.30246913580246915
24277.0,,0.3018867924528301
10759.0,,0.30113636363636354
13878.0,,0.30107526881720426
23255.0,,0.3010033444816054
2365.0,,0.30081300813008127
33176.0,,0.300469483568075
27200.0,,0.30000000000000004
57768.0,,0.30000000000000004
4450.0,,0.30000000000000004
3664.0,,0.29990356798457096
55601.0,,0.2997416020671835
16405.0,,0.2996742671009771
42849.0,,0.2991452991452992
44985.0,,0.29907120743034055
61772.0,,0.2990654205607477
47969.0,,0.2987012987012987
15517.0,,0.2987012987012987
28390.0,,0.29845626072041176
16457.0,,0.29824561403508776
13380.0,,0.29821958456973285
16872.0,,0.29778672032193154
47194.0,,0.29778369307331753
48421.0,,0.2974504249291785
46817.0,,0.296875
49846.0,,0.2962962962962963
42625.0,,0.2951183431952662
25321.0,,0.294659300184162
44188.0,,0.29325239318234875
18046.0,,0.29319627998042086
59256.0,,0.2923076923076924
60451.0,,0.2921348314606742
714.0,,0.2918918918918918
22869.0,,0.29166666666666674
13207.0,,0.29166666666666674
32839.0,,0.290909090909091
8271.0,,0.2905109489051094
21123.0,,0.29032258064516125
38201.0,,0.29032258064516125
50991.0,,0.2901077718391307
23111.0,,0.29000000000000004
16540.0,,0.2898089171974523
49818.0,,0.2897238569488456
27505.0,,0.2894736842105263
42379.0,,0.2891246684350133
25631.0,,0.28873239436619724
57024.0,,0.28859060402684555
56446.0,,0.28846153846153855
62466.0,,0.2883435582822085
50815.0,,0.2870588235294118
30368.0,,0.2870292887029289
51656.0,,0.28693890274314215
30199.0,,0.28627671541057365
5160.0,,0.2857142857142858
61999.0,,0.2857142857142858
30475.0,,0.2857142857142858
38915.0,,0.2857142857142858
42509.0,,0.2854658385093167
13125.0,,0.28384279475982543
20524.0,,0.28379588182632043
45792.0,,0.28378378378378377
43194.0,,0.28373015873015883
62182.0,,0.28338762214983704
61958.0,,0.28260869565217384
18966.0,,0.28260869565217384
28376.0,,0.2822966507177034
39323.0,,0.2818363273453093
30963.0,,0.28125
48093.0,,0.28125
27928.0,,0.2810443642538738
11656.0,,0.28062061763389523
14941.0,,0.2802197802197801
40850.0,,0.28019323671497576
44312.0,,0.2798507462686568
20449.0,,0.2796052631578947
59395.0,,0.27838698266713835
23620.0,,0.27834008097165985
53625.0,,0.2783048703352309
41644.0,,0.2782694198623401
14423.0,,0.27819548872180455
49265.0,,0.2777777777777777
706.0,,0.2777777777777777
3342.0,,0.2776203966005666
40733.0,,0.2775673869458677
31935.0,,0.27755102040816326
22274.0,,0.2774193548387096
45491.0,,0.2772914295719162
57517.0,,0.2770306616460463
32583.0,,0.2767857142857142
42300.0,,0.275992438563327
8458.0,,0.2746435213887166
61282.0,,0.27457627118644057
8315.0,,0.27439024390243905
18292.0,,0.27407407407407414
16870.0,,0.27324913892078073
14277.0,,0.27296587926509197
57292.0,,0.2727272727272727
43430.0,,0.2727272727272727
23483.0,,0.2727272727272727
54907.0,,0.2720588235294117
58329.0,,0.2718531468531469
39057.0,,0.2715411796683882
29176.0,,0.27142857142857135
4227.0,,0.27142857142857135
39259.0,,0.27118644067796605
19611.0,,0.27118644067796605
36517.0,,0.27118644067796605
28951.0,,0.27108433734939763
46942.0,,0.270718232044199
35187.0,,0.2705461970393057
49237.0,,0.2702702702702702
1132.0,,0.26993865030674846
43820.0,,0.26984126984126977
61748.0,,0.26956055734190776
40499.0,,0.26952436876101005
956.0,,0.26923076923076916
24714.0,,0.26900584795321647
61431.0,,0.26865671641791056
12235.0,,0.2684887459807075
8972.0,,0.26824034334763946
1051.0,,0.26808027262400613
20414.0,,0.268041237113402
22866.0,,0.26797385620915026
45097.0,,0.2678571428571428
35642.0,,0.2666666666666666
13994.0,,0.26623376623376616
16846.0,,0.26595744680851063
14345.0,,0.2657657657657657
59716.0,,0.2656826568265682
11252.0,,0.26545026486168344
620.0,,0.26536312849162
22880.0,,0.26436781609195403
37630.0,,0.26425207081370794
26354.0,,0.26415094339622636
57742.0,,0.26415094339622636
50122.0,,0.2640306122448979
3542.0,,0.26337448559670773
51835.0,,0.26310380267214795
54678.0,,0.26249999999999996
49250.0,,0.26249999999999996
51205.0,,0.2624584717607974
7134.0,,0.26241134751773054
5251.0,,0.26232394366197176
25628.0,,0.26190476190476186
12083.0,,0.26178010471204183
19622.0,,0.26128266033254155
11338.0,,0.26086956521739135
7252.0,,0.26086956521739135
56460.0,,0.26041666666666674
46397.0,,0.26030101159634844
27440.0,,0.2599681020733653
25867.0,,0.25958702064896766
6410.0,,0.2592592592592593
26822.0,,0.2586206896551724
54883.0,,0.25841184387617755
42973.0,,0.25806451612903225
10044.0,,0.25806451612903225
28831.0,,0.25773195876288657
51349.0,,0.25757575757575757
30075.0,,0.25742574257425743
30379.0,,0.2567567567567568
56738.0,,0.2564102564102564
59252.0,,0.2564102564102564
26357.0,,0.2564102564102564
18776.0,,0.2564102564102564
47140.0,,0.2560956175298805
19998.0,,0.25575757575757585
7059.0,,0.2554112554112553
11270.0,,0.2551130247578042
44683.0,,0.2549019607843137
22320.0,,0.25454545454545463
40125.0,,0.25403225806451624
14428.0,,0.25373134328358216
4691.0,,0.2522299306243805
29437.0,,0.2521246458923512
55019.0,,0.2520325203252032
27334.0,,0.25187969924812026
50619.0,,0.2517006802721089
35641.0,,0.25161290322580654
34897.0,,0.2515132540179503
11018.0,,0.2514619883040936
35670.0,,0.251282991202346
58736.0,,0.25075528700906347
40302.0,,0.25
18181.0,,0.25
39395.0,,0.25
32047.0,,0.25
6069.0,,0.25
14952.0,,0.25
14942.0,,0.25
49824.0,,0.25
40809.0,,0.25
54985.0,,0.24840764331210186
59551.0,,0.248
30812.0,,0.2478920741989883
3402.0,,0.24778761061946897
60660.0,,0.2475570032573291
53169.0,,0.24752475247524752
23906.0,,0.24705882352941178
43841.0,,0.24615384615384617
46225.0,,0.2456896551724137
49073.0,,0.24519600307455813
11166.0,,0.24504950495049505
52716.0,,0.24497535077739863
25455.0,,0.24426229508196728
51464.0,,0.2440944881889764
49314.0,,0.24406779661016942
48118.0,,0.24390243902439024
11080.0,,0.24328636001063542
16249.0,,0.2432432432432432
928.0,,0.24242424242424243
19044.0,,0.24215246636771304
50987.0,,0.24207712867506692
42748.0,,0.24137931034482762
10886.0,,0.2411214953271028
33266.0,,0.24096385542168686
19552.0,,0.24091627172195884
14464.0,,0.2407407407407407
29321.0,,0.24038461538461542
38325.0,,0.24034334763948495
45131.0,,0.24014125956444965
48881.0,,0.24
21859.0,,0.23958333333333326
38543.0,,0.23958333333333326
32528.0,,0.23913043478260865
58887.0,,0.23911457066407205
28932.0,,0.23888888888888893
9005.0,,0.23745819397993317
37727.0,,0.2368054480730537
35096.0,,0.2367864693446089
31369.0,,0.2366167023554604
45074.0,,0.23636363636363633
54699.0,,0.2362911266201395
51211.0,,0.23608768971332217
59776.0,,0.23606557377049175
14153.0,,0.23529411764705888
10035.0,,0.23529411764705888
61997.0,,0.23529411764705888
28155.0,,0.2352465642683912
13265.0,,0.234375
9389.0,,0.23404255319148937
16736.0,,0.232394366197183
43914.0,,0.23181316080164116
31251.0,,0.23175182481751833
1780.0,,0.23164426059979326
12798.0,,0.2308802308802309
8835.0,,0.23076923076923084
21170.0,,0.23076923076923084
25541.0,,0.23043478260869565
41761.0,,0.2304147465437787
57908.0,,0.22999999999999998
16321.0,,0.22959183673469385
4394.0,,0.22953846153846147
59734.0,,0.22916666666666674
10172.0,,0.22916666666666674
2131.0,,0.22916666666666674
27427.0,,0.22857142857142865
40671.0,,0.22857142857142865
3853.0,,0.2282608695652173
54444.0,,0.2272727272727273
40976.0,,0.2272727272727273
965.0,,0.2272727272727273
20814.0,,0.2264150943396226
61311.0,,0.22637362637362646
26094.0,,0.22621184919210058
53759.0,,0.226027397260274
52294.0,,0.22600619195046434
37720.0,,0.22589167767503304
194.0,,0.22580645161290325
61005.0,,0.22575516693163755
24771.0,,0.22558922558922556
62070.0,,0.22516556291390732
52720.0,,0.2248900913087588
62030.0,,0.22448979591836737
50444.0,,0.22235023041474644
56228.0,,0.22222222222222232
49890.0,,0.22222222222222232
52972.0,,0.22193211488250664
6826.0,,0.22162162162162158
61522.0,,0.22126306224443426
46338.0,,0.22099447513812165
7325.0,,0.22033898305084754
21330.0,,0.21963430561602082
6508.0,,0.219607843137255
15628.0,,0.21936842105263166
41429.0,,0.21885913853317818
54258.0,,0.21843003412969275
46653.0,,0.21823204419889497
59652.0,,0.2182163187855788
36670.0,,0.2181122448979591
59393.0,,0.21809133489461363
40700.0,,0.2180685358255452
39560.0,,0.21794871794871784
55223.0,,0.2177489177489178
22722.0,,0.21770334928229662
60675.0,,0.2175102599179206
38612.0,,0.21739130434782616
51016.0,,0.21698113207547176
46857.0,,0.2168674698795181
9006.0,,0.21674876847290636
7551.0,,0.21664050235478816
28042.0,,0.21641791044776126
31085.0,,0.21590909090909083
33752.0,,0.21551724137931028
42807.0,,0.21538461538461529
1177.0,,0.2142857142857142
42419.0,,0.21362668559261877
46407.0,,0.21328671328671334
27976.0,,0.21278825995807127
55003.0,,0.21219512195121948
57117.0,,0.21200889547813184
36425.0,,0.21169354838709675
9951.0,,0.21138211382113825
53807.0,,0.21138211382113825
61137.0,,0.21111111111111103
36028.0,,0.21052631578947367
5119.0,,0.21052631578947367
37003.0,,0.21052631578947367
38079.0,,0.21052631578947367
46142.0,,0.21052631578947367
55741.0,,0.20967741935483875
34555.0,,0.20967741935483875
41478.0,,0.2090592334494774
57588.0,,0.20895522388059695
1813.0,,0.2088888888888889
52819.0,,0.20879120879120872
54662.0,,0.20833333333333326
53510.0,,0.2072072072072073
52985.0,,0.2068965517241379
31096.0,,0.20649966147596488
53681.0,,0.20610687022900764
20727.0,,0.2058823529411764
13536.0,,0.2058823529411764
30105.0,,0.20512820512820507
667.0,,0.20430107526881724
42473.0,,0.2036199095022624
12678.0,,0.20344827586206904
10554.0,,0.20275862068965522
47726.0,,0.20274914089347074
17696.0,,0.20258620689655182
17710.0,,0.20255255255255245
54421.0,,0.2023411371237458
56408.0,,0.20225593154414634
44962.0,,0.20149253731343286
59736.0,,0.20031421838177543
28060.0,,0.19999999999999996
24039.0,,0.19999999999999996
7286.0,,0.19999999999999996
5644.0,,0.19999999999999996
44040.0,,0.19999999999999996
50750.0,,0.19999999999999996
9584.0,,0.19852941176470584
41406.0,,0.1983240223463687
32478.0,,0.1983016983016983
40875.0,,0.19808612440191387
33106.0,,0.197935208259167
3495.0,,0.19753086419753085
4270.0,,0.19753086419753085
31875.0,,0.19665045921123725
45427.0,,0.19644527595883998
14342.0,,0.19565217391304346
26674.0,,0.19518716577540096
22063.0,,0.19512195121951215
21187.0,,0.1947368421052631
391.0,,0.19469026548672574
58139.0,,0.19452054794520546
50719.0,,0.19444444444444442
39879.0,,0.19354838709677424
8466.0,,0.19339622641509435
7837.0,,0.19204737732656518
45810.0,,0.19191919191919182
13070.0,,0.1914893617021276
18082.0,,0.19135234590616368
163.0,,0.1909617612977983
37393.0,,0.19090909090909092
50666.0,,0.19083969465648853
45757.0,,0.19072025896951716
48558.0,,0.19066147859922178
23566.0,,0.190224570673712
13060.0,,0.19016393442622959
58280.0,,0.19016050244242844
3247.0,,0.1900826446280992
58349.0,,0.18992248062015493
31692.0,,0.18965517241379315
4377.0,,0.18863049095607232
12320.0,,0.18803418803418803
54195.0,,0.18791946308724827
59996.0,,0.18791264601320457
57388.0,,0.18787878787878798
14300.0,,0.1875
59537.0,,0.1875
24756.0,,0.1871345029239766
61374.0,,0.18644067796610164
20274.0,,0.18592964824120606
43164.0,,0.1855412660756648
45914.0,,0.1849008317338452
21731.0,,0.1847922192749778
30570.0,,0.18461538461538463
53607.0,,0.18436344426835705
2025.0,,0.18421052631578938
36963.0,,0.18378378378378368
17530.0,,0.18361581920903958
20243.0,,0.18333333333333335
43739.0,,0.18329718004338402
25009.0,,0.18313253012048203
29103.0,,0.18309859154929575
55937.0,,0.18260869565217397
13791.0,,0.18160919540229892
51559.0,,0.18159203980099492
17931.0,,0.181483300589391
55820.0,,0.1812499999999999
30043.0,,0.1810611148421759
1479.0,,0.18095238095238098
487.0,,0.1807228915662651
50328.0,,0.18072118114707547
48503.0,,0.180327868852459
44671.0,,0.18018018018018012
20485.0,,0.1795774647887325
43999.0,,0.17900385250412776
55635.0,,0.1785714285714286
11557.0,,0.1785714285714286
29568.0,,0.17837287604729468
1469.0,,0.17730496453900702
44054.0,,0.17708333333333326
52136.0,,0.1768617021276595
8955.0,,0.17676997182586573
23204.0,,0.17668711656441727
12023.0,,0.17666303162486363
47933.0,,0.17647058823529416
19917.0,,0.17616580310880825
51830.0,,0.17488789237668168
10944.0,,0.17485029940119756
25714.0,,0.17475728155339798
41211.0,,0.17460317460317465
12988.0,,0.1742424242424243
38909.0,,0.17367458866544783
4874.0,,0.17346938775510212
26119.0,,0.17246835443037978
55683.0,,0.17241379310344818
61443.0,,0.17241379310344818
52549.0,,0.17241379310344818
23858.0,,0.17223149693934325
18707.0,,0.17184265010351973
3826.0,,0.17150395778364125
51253.0,,0.17142857142857149
2022.0,,0.17122395833333326
18748.0,,0.17081850533807819
46472.0,,0.1706583667440389
61855.0,,0.16995666827154543
7340.0,,0.16981132075471694
11063.0,,0.16956521739130426
55649.0,,0.16938110749185675
52456.0,,0.16885553470919334
26443.0,,0.16883116883116878
61918.0,,0.16852010265183925
50315.0,,0.16831683168316824
54709.0,,0.16689847009735748
29963.0,,0.16679188580015025
38866.0,,0.16666666666666674
38299.0,,0.16666666666666674
1737.0,,0.1657754010695187
35886.0,,0.16560509554140124
14293.0,,0.16502946954813358
43905.0,,0.16483516483516492
18863.0,,0.16425120772946866
52175.0,,0.16256157635467972
36480.0,,0.16216216216216206
12207.0,,0.1614008374571756
20971.0,,0.16077170418006426
18083.0,,0.1607142857142858
20084.0,,0.1607142857142858
21280.0,,0.1603773584905661
34157.0,,0.15987037537132065
42887.0,,0.15980324868451157
56302.0,,0.1595528455284554
56685.0,,0.15938511326860838
17040.0,,0.15931372549019618
24369.0,,0.15929203539823011
49833.0,,0.158682634730539
40376.0,,0.15857605177993528
24347.0,,0.15853658536585358
28302.0,,0.15841584158415833
19143.0,,0.15833333333333344
12889.0,,0.15779816513761458
16886.0,,0.15748031496062986
61408.0,,0.15740740740740744
58125.0,,0.15702479338842967
4962.0,,0.15686274509803932
10941.0,,0.15686274509803932
34408.0,,0.15646258503401356
9147.0,,0.15625
53848.0,,0.15609174858504615
9099.0,,0.1560111188325226
45713.0,,0.1559536354056903
56674.0,,0.1558441558441559
21164.0,,0.15580736543909346
8826.0,,0.1554790590935169
48686.0,,0.15518121490556402
19968.0,,0.15510204081632661
20642.0,,0.15464813205907912
26994.0,,0.1544000000000001
61832.0,,0.15384615384615374
35031.0,,0.15384615384615374
13140.0,,0.15384615384615374
38183.0,,0.15350389321468305
54280.0,,0.15341959334565614
58746.0,,0.15300546448087426
28514.0,,0.15277777777777768
23797.0,,0.15228426395939088
7337.0,,0.15211267605633805
41186.0,,0.1517857142857142
25815.0,,0.15135135135135136
9926.0,,0.15114285714285725
379.0,,0.15094339622641506
4909.0,,0.1506211180124224
37397.0,,0.15058602906704177
44085.0,,0.15048543689320382
27426.0,,0.1499999999999999
16723.0,,0.14987912973408535
11205.0,,0.14897760467380716
34854.0,,0.14893617021276606
53797.0,,0.14864864864864868
62089.0,,0.14864864864864868
9211.0,,0.1484375
30603.0,,0.1483893077450309
9562.0,,0.14727085478887747
52462.0,,0.1470588235294117
52245.0,,0.1470588235294117
6398.0,,0.14699331848552344
56768.0,,0.14689265536723162
30224.0,,0.14655172413793105
56523.0,,0.14649681528662417
33757.0,,0.14634146341463405
23080.0,,0.14599686028257453
33382.0,,0.14583333333333326
8026.0,,0.14563106796116498
19436.0,,0.14553014553014543
48620.0,,0.1454545454545455
10632.0,,0.14406779661016955
42153.0,,0.14383561643835607
51552.0,,0.14292755051749628
51241.0,,0.1428571428571428
11917.0,,0.1428571428571428
30085.0,,0.1428571428571428
51617.0,,0.1422505307855626
6771.0,,0.1416666666666666
48605.0,,0.14124293785310726
16785.0,,0.14090909090909087
27296.0,,0.14084507042253525
30204.0,,0.14035087719298245
53642.0,,0.14035087719298245
41134.0,,0.14012738853503182
2316.0,,0.13978494623655924
18207.0,,0.13978494623655924
56819.0,,0.139240506329114
4290.0,,0.13835043709616124
59105.0,,0.1382113821138211
60881.0,,0.13796958855098396
29876.0,,0.1376811594202898
50019.0,,0.13741339491916849
16674.0,,0.13704536932883382
43794.0,,0.1366313309776208
15866.0,,0.13636363636363646
40971.0,,0.13571428571428568
29878.0,,0.13492063492063489
43483.0,,0.13489736070381242
46336.0,,0.13414634146341453
27050.0,,0.1335012594458438
16995.0,,0.1334110107777453
11219.0,,0.1333333333333333
19738.0,,0.133248730964467
15220.0,,0.13307984790874516
49838.0,,0.13274890419536622
62104.0,,0.1327433628318584
54579.0,,0.13245033112582782
47338.0,,0.13197295339290016
27730.0,,0.13181818181818183
27885.0,,0.13157894736842102
12261.0,,0.13157894736842102
37879.0,,0.13157894736842102
11101.0,,0.13157894736842102
16048.0,,0.13120899718837853
37632.0,,0.13077939233817704
45392.0,,0.130718954248366
47006.0,,0.13043478260869557
11555.0,,0.13029661016949157
57774.0,,0.12932330827067662
60139.0,,0.12903225806451624
51522.0,,0.12903225806451624
51448.0,,0.12898188632104945
42922.0,,0.1289053459847258
55886.0,,0.12857142857142856
57758.0,,0.12814645308924488
22997.0,,0.12790697674418605
25958.0,,0.12765957446808507
13059.0,,0.12755102040816335
6342.0,,0.12745098039215685
52746.0,,0.1272727272727272
23611.0,,0.12658227848101267
32061.0,,0.12639029322548034
9031.0,,0.12620027434842251
28108.0,,0.12598425196850394
29138.0,,0.12598425196850394
49433.0,,0.12568306010928953
43751.0,,0.125
59823.0,,0.125
40936.0,,0.125
59513.0,,0.125
48515.0,,0.125
51937.0,,0.125
15775.0,,0.12487100103199178
16994.0,,0.12471910112359552
34363.0,,0.12438440973687914
51437.0,,0.12403100775193798
4060.0,,0.12403100775193798
26770.0,,0.12361694009919888
4043.0,,0.12328767123287676
37343.0,,0.12280701754385959
9143.0,,0.12280701754385959
25891.0,,0.12254901960784315
13100.0,,0.12244897959183665
28130.0,,0.12213740458015265
9854.0,,0.12195121951219523
45482.0,,0.12195121951219523
10274.0,,0.12149532710280364
20388.0,,0.12077294685990347
45654.0,,0.12056737588652489
16160.0,,0.12011464304325159
24373.0,,0.11945022153901808
61176.0,,0.11840649206934706
25683.0,,0.11827956989247301
49567.0,,0.11794102948525742
4012.0,,0.11783439490445868
17080.0,,0.11776251226692835
50026.0,,0.11764705882352944
40780.0,,0.11764705882352944
55561.0,,0.11764705882352944
14264.0,,0.11764705882352944
34816.0,,0.11748053786270352
43278.0,,0.11735537190082646
62457.0,,0.11731843575418988
18958.0,,0.11687087653157402
3873.0,,0.11681329423264897
53618.0,,0.11627906976744184
6037.0,,0.11627906976744184
23297.0,,0.11627906976744184
53280.0,,0.11610486891385774
110.0,,0.1160714285714286
22619.0,,0.11585866885784712
41005.0,,0.11576354679802958
44412.0,,0.11567821491485608
14230.0,,0.11557788944723613
27969.0,,0.11547911547911549
60171.0,,0.11538461538461542
54715.0,,0.11467788355102937
9116.0,,0.11442786069651745
12626.0,,0.11349693251533743
5761.0,,0.11304347826086958
39726.0,,0.11300992282249167
14305.0,,0.1129326047358834
37915.0,,0.11263177362678012
53184.0,,0.11242603550295849
24862.0,,0.11111111111111116
49072.0,,0.11105527638190948
34233.0,,0.11104187992345005
35454.0,,0.11042944785276076
14440.0,,0.11021640664318078
8304.0,,0.11009174311926606
25932.0,,0.10989010989010994
10032.0,,0.1090259159964253
33680.0,,0.1090047393364928
11269.0,,0.10837438423645329
11055.0,,0.10810810810810811
48653.0,,0.10780669144981414
819.0,,0.10759493670886067
46253.0,,0.10701685613484901
37888.0,,0.10687022900763354
30229.0,,0.10666666666666669
47579.0,,0.10619469026548667
38829.0,,0.10583153347732188
41169.0,,0.10553679945982442
49663.0,,0.10526315789473695
13185.0,,0.10526315789473695
12878.0,,0.10512991339107258
57242.0,,0.10508280982295837
38141.0,,0.10461538461538455
11332.0,,0.1045550847457628
61108.0,,0.10389170896785105
7770.0,,0.10377358490566047
46524.0,,0.10365853658536595
31866.0,,0.10365853658536595
56154.0,,0.10344827586206895
49103.0,,0.10301051867972433
25780.0,,0.10294117647058831
39961.0,,0.10280373831775691
36005.0,,0.10256410256410264
53568.0,,0.10256410256410264
7619.0,,0.10246153846153838
45214.0,,0.10205278592375366
54550.0,,0.10167310167310162
20902.0,,0.10160427807486627
4283.0,,0.101010101010101
20981.0,,0.10077519379844957
30887.0,,0.10062893081761004
5883.0,,0.10000000000000009
9303.0,,0.10000000000000009
52799.0,,0.10000000000000009
46101.0,,0.10000000000000009
50207.0,,0.10000000000000009
55755.0,,0.10000000000000009
36242.0,,0.09972229235041663
29127.0,,0.09965034965034958
44218.0,,0.09859154929577474
6013.0,,0.09856630824372759
42586.0,,0.0980392156862746
2120.0,,0.0979581287154303
26990.0,,0.09782608695652173
33177.0,,0.09759547383309752
38761.0,,0.09759188846641309
52571.0,,0.09756097560975618
22583.0,,0.09711286089238835
25512.0,,0.09677419354838701
35286.0,,0.09654561558901675
12437.0,,0.09651898734177222
28219.0,,0.09615384615384626
34604.0,,0.09604519774011289
58367.0,,0.09523809523809534
22270.0,,0.09480519480519489
26531.0,,0.09427268119614807
40329.0,,0.09375
56658.0,,0.09289617486338808
13249.0,,0.09278350515463907
20889.0,,0.09262295081967209
12015.0,,0.0923076923076922
733.0,,0.09215328467153294
23439.0,,0.0921501706484642
24371.0,,0.09174311926605494
19365.0,,0.09148264984227139
23279.0,,0.09138381201044377
47787.0,,0.0912947831552482
29589.0,,0.09090909090909083
2080.0,,0.09090909090909083
19936.0,,0.09039548022598876
28235.0,,0.09038322487346351
56501.0,,0.0898876404494382
12570.0,,0.08983451536643017
54078.0,,0.0897948308020251
29056.0,,0.0894117647058823
51995.0,,0.08915662650602418
40565.0,,0.08906882591093113
27182.0,,0.08879310344827585
35104.0,,0.08843537414965996
32078.0,,0.08835341365461846
34169.0,,0.08823529411764697
45158.0,,0.08783783783783794
7657.0,,0.087688219663419
40148.0,,0.08734402852049916
24609.0,,0.08731230634781917
22884.0,,0.08718313195925131
30671.0,,0.08717948717948709
14945.0,,0.08715697036223924
14251.0,,0.08695652173913038
45708.0,,0.08695652173913038
24706.0,,0.08695652173913038
16408.0,,0.08673469387755106
61656.0,,0.08653846153846145
42076.0,,0.08641975308641969
3409.0,,0.08621256992431725
2683.0,,0.08571428571428563
38689.0,,0.0851063829787233
30783.0,,0.08502772643253231
55687.0,,0.0847457627118644
583.0,,0.08442776735459656
38420.0,,0.0844155844155845
38723.0,,0.08404802744425388
17238.0,,0.08390022675736963
58565.0,,0.08366533864541825
53231.0,,0.08341416100872934
7120.0,,0.08333333333333326
32031.0,,0.08333333333333326
13481.0,,0.08301886792452828
55483.0,,0.08235294117647052
661.0,,0.08221408221408222
16510.0,,0.08182912154031285
4564.0,,0.08108108108108114
58305.0,,0.08108108108108114
31952.0,,0.08092485549132955
40183.0,,0.0807692307692307
42403.0,,0.08071278825995809
6338.0,,0.08045977011494254
27383.0,,0.0799416974997198
28894.0,,0.07977207977207978
48354.0,,0.07943925233644866
41788.0,,0.0793650793650793
15696.0,,0.07920792079207928
24328.0,,0.07920792079207928
35723.0,,0.07905138339920947
25085.0,,0.07874015748031504
26928.0,,0.0786516853932584
32540.0,,0.07848101265822782
26693.0,,0.07824222936763126
31737.0,,0.07792207792207795
12638.0,,0.07778142435182156
44843.0,,0.07749077490774914
33112.0,,0.07692307692307687
21526.0,,0.07692307692307687
52277.0,,0.0766550522648084
59214.0,,0.07643536456498756
16439.0,,0.07606263982102912
51472.0,,0.07547169811320753
45552.0,,0.07538461538461538
5318.0,,0.07532539462752696
35583.0,,0.07518796992481214
37027.0,,0.07499999999999996
2789.0,,0.07490636704119846
34658.0,,0.07467532467532467
26.0,,0.07453416149068315
24893.0,,0.07436399217221146
4111.0,,0.07407407407407418
27265.0,,0.07407407407407418
26977.0,,0.07354838709677414
12881.0,,0.07339449541284404
43789.0,,0.0718562874251496
54925.0,,0.0717592592592593
46509.0,,0.07151095732410617
56194.0,,0.0712966383450313
45374.0,,0.07121342512908768
56669.0,,0.07107750472589802
39804.0,,0.07093553143010323
27371.0,,0.07082452431289643
34672.0,,0.07070707070707072
18036.0,,0.07058823529411762
33698.0,,0.07058823529411762
35971.0,,0.07038123167155419
4397.0,,0.07000000000000006
48225.0,,0.06976744186046502
22693.0,,0.0693936225823315
1574.0,,0.06837098692033283
62016.0,,0.06818181818181812
60710.0,,0.06812767984754653
32552.0,,0.0680628272251309
48785.0,,0.06766917293233088
38614.0,,0.06766256590509667
44374.0,,0.06736526946107779
48760.0,,0.06691449814126393
18560.0,,0.06666666666666665
39398.0,,0.06643952299829636
22421.0,,0.06626506024096379
46281.0,,0.06593406593406592
56649.0,,0.0657320872274143
19462.0,,0.06549520766773154
46164.0,,0.06465517241379315
29619.0,,0.06451612903225801
22764.0,,0.06344166355372938
24113.0,,0.06297229219143574
22155.0,,0.06231003039513672
60013.0,,0.06198347107438007
7174.0,,0.06192148100861794
2485.0,,0.06143790849673203
27712.0,,0.061062648691514676
60197.0,,0.06094182825484773
54255.0,,0.06060606060606055
31183.0,,0.06060606060606055
33144.0,,0.06009244992295848
12530.0,,0.06000000000000005
51340.0,,0.05882352941176472
62430.0,,0.05882352941176472
57804.0,,0.05882352941176472
32785.0,,0.05882352941176472
32342.0,,0.05876148862437858
33324.0,,0.05861456483126104
53527.0,,0.058582142351775834
108.0,,0.058262014483212665
19855.0,,0.05798337241526319
35500.0,,0.05789990186457317
39690.0,,0.05785123966942152
43475.0,,0.057119205298013176
52852.0,,0.05702917771883298
51278.0,,0.05699481865284972
49866.0,,0.056705670567056776
47841.0,,0.05670103092783507
18894.0,,0.05660377358490565
55717.0,,0.056360708534621606
3965.0,,0.05633802816901401
52668.0,,0.05574912891986061
28871.0,,0.05555555555555558
58713.0,,0.05555555555555558
13222.0,,0.05555555555555558
38500.0,,0.05526770293609662
33601.0,,0.05525846702317283
20183.0,,0.055140186915887845
12097.0,,0.05454545454545445
43158.0,,0.054054054054053946
53417.0,,0.05392156862745101
58007.0,,0.053817271589486904
62368.0,,0.05366726296958846
36533.0,,0.05303030303030298
46879.0,,0.05248618784530379
46570.0,,0.05128205128205132
51387.0,,0.05128205128205132
59260.0,,0.050420168067226934
45506.0,,0.050387596899224896
52903.0,,0.050000000000000044
41753.0,,0.049180327868852514
17132.0,,0.04897551224387797
45449.0,,0.04842428900845497
58733.0,,0.048242209160474614
31267.0,,0.04819557625145521
4563.0,,0.047368421052631504
22687.0,,0.047210300429184615
27271.0,,0.04705882352941182
11589.0,,0.04651162790697683
40581.0,,0.04646840148698894
48690.0,,0.04580152671755733
26140.0,,0.045154185022026505
14486.0,,0.04489016236867238
24487.0,,0.044642857142857206
28427.0,,0.04458598726114649
25761.0,,0.04444444444444451
380.0,,0.04402515723270439
41132.0,,0.04395604395604402
49517.0,,0.04332129963898912
57667.0,,0.042553191489361764
27244.0,,0.042553191489361764
51499.0,,0.041911764705882426
7937.0,,0.041860465116279055
31582.0,,0.041095890410958846
43394.0,,0.04095563139931735
47614.0,,0.040728831725616255
25439.0,,0.04061784897025178
19865.0,,0.04060913705583746
19785.0,,0.03870967741935494
40373.0,,0.03841630733045864
60325.0,,0.0383351588170866
38655.0,,0.03750000000000009
41468.0,,0.03703703703703698
31803.0,,0.036666666666666625
20162.0,,0.03649635036496357
48975.0,,0.036363636363636376
19687.0,,0.03628117913832196
48856.0,,0.03614457831325302
12603.0,,0.03537735849056611
44154.0,,0.03524229074889873
49737.0,,0.03490759753593431
43264.0,,0.034482758620689724
55739.0,,0.03434065934065944
44069.0,,0.033734939759036076
62366.0,,0.033282904689863946
4119.0,,0.03314917127071815
25386.0,,0.032786885245901676
25698.0,,0.03276353276353272
25926.0,,0.03276353276353272
24969.0,,0.03259141494435602
36949.0,,0.03256552819698166
33432.0,,0.03203883495145621
10469.0,,0.03168316831683171
35442.0,,0.03144654088050314
38499.0,,0.03134328358208949
56534.0,,0.03076923076923066
50411.0,,0.030674846625766916
15147.0,,0.03050847457627115
27218.0,,0.030303030303030276
40950.0,,0.029850746268656803
5356.0,,0.029585798816567976
36935.0,,0.029055690072639306
17237.0,,0.028301886792452935
30491.0,,0.028211009174311963
8881.0,,0.028037383177569986
3164.0,,0.02777777777777768
29071.0,,0.027431421446383997
36373.0,,0.027188328912466808
49653.0,,0.027070063694267565
28137.0,,0.027027027027026973
42736.0,,0.026666666666666616
61348.0,,0.026431718061673992
8341.0,,0.026068261220102196
13048.0,,0.025597269624573427
16662.0,,0.02547770700636942
11065.0,,0.02499999999999991
22632.0,,0.02499999999999991
7589.0,,0.02468152866242046
30619.0,,0.024657534246575352
13441.0,,0.02450592885375502
60499.0,,0.024271844660194164
30142.0,,0.023809523809523725
29134.0,,0.023661270236612797
56945.0,,0.023474178403755763
42905.0,,0.023255813953488413
48810.0,,0.023255813953488413
51698.0,,0.023076923076922995
40241.0,,0.022099447513812098
17251.0,,0.02083333333333326
26123.0,,0.020408163265306145
19763.0,,0.020270270270270174
9552.0,,0.018867924528301883
53195.0,,0.018867924528301883
11519.0,,0.017391304347825987
29191.0,,0.016666666666666607
36905.0,,0.016528925619834656
3226.0,,0.015151515151515138
12633.0,,0.015021459227467782
6300.0,,0.01501501501501501
6775.0,,0.014925373134328401
28739.0,,0.014814814814814836
37733.0,,0.013698630136986356
42436.0,,0.01273885350318471
31755.0,,0.012396694214876103
33792.0,,0.011627906976744207
35356.0,,0.01132075471698113
55540.0,,0.011126564673157091
48532.0,,0.011080332409972193
43011.0,,0.010752688172043001
36251.0,,0.009933774834437026
18242.0,,0.008915906788247163
31032.0,,0.008733624454148492
60390.0,,0.008264462809917328
24525.0,,0.008264462809917328
35051.0,,0.008232920778583397
36656.0,,0.008130081300812941
18066.0,,0.007751937984496138
10439.0,,0.007751937984496138
50584.0,,0.007456828885400224
7306.0,,0.007194244604316502
48700.0,,0.007092198581560183
62199.0,,0.006866952789699621
17263.0,,0.006504065040650486
55258.0,,0.006024096385542244
13770.0,,0.005451713395638658
61892.0,,0.004784688995215225
9433.0,,0.0043777725893066055
4167.0,,0.003963011889035695
19320.0,,0.0022080471050049955
42952.0,,0.001054852320675037
32932.0,,0.0
61932.0,,0.0
32771.0,,0.0
10.0,,0.0
39828.0,,0.0
16271.0,,0.0
40825.0,,0.0
15907.0,,0.0
46412.0,,0.0
43041.0,,0.0
53794.0,,0.0
41797.0,,0.0
36808.0,,0.0
21811.0,,0.0
31320.0,,-0.0009033423667570428
51401.0,,-0.0019218449711723151
30472.0,,-0.002085195114685745
47492.0,,-0.0021475985942991382
38068.0,,-0.0023346303501945442
41108.0,,-0.002586441600871181
16106.0,,-0.0026756794817631713
19202.0,,-0.003138075313807498
56839.0,,-0.0033222591362126463
43657.0,,-0.003706449221645647
44753.0,,-0.00395372675355099
61411.0,,-0.004081632653061273
56550.0,,-0.004569687738004591
48065.0,,-0.00520833333333337
23946.0,,-0.005235602094240788
7135.0,,-0.006258234519104122
12629.0,,-0.006603773584905714
27924.0,,-0.0069168506254598805
21.0,,-0.007285276073619618
12976.0,,-0.007633587786259555
16468.0,,-0.007804878048780495
24179.0,,-0.008434176751008438
41630.0,,-0.008797653958944274
20953.0,,-0.008849557522123908
14123.0,,-0.008849557522123908
46806.0,,-0.008849557522123908
33070.0,,-0.009146341463414642
13118.0,,-0.009647853352629077
26019.0,,-0.010869565217391353
26530.0,,-0.011147236414305595
48052.0,,-0.011406844106463865
5339.0,,-0.012725590004627474
18761.0,,-0.012831990450611785
1399.0,,-0.01290630975143403
48142.0,,-0.013097634258043778
22677.0,,-0.013157894736842146
48143.0,,-0.013333333333333308
29247.0,,-0.013986013986013957
58893.0,,-0.014184397163120588
27169.0,,-0.01449275362318836
36322.0,,-0.014814814814814836
31154.0,,-0.01526717557251911
18325.0,,-0.015278838808250539
47531.0,,-0.015873015873015928
41659.0,,-0.015873015873015928
29835.0,,-0.016357688113413316
60067.0,,-0.016393442622950838
27502.0,,-0.016447368421052655
30906.0,,-0.01680672268907568
45910.0,,-0.01807228915662651
27374.0,,-0.018369690011481032
29237.0,,-0.018616500097981548
14202.0,,-0.01941747572815533
38670.0,,-0.01980198019801982
25488.0,,-0.020000000000000018
54692.0,,-0.02020202020202022
32099.0,,-0.020242914979757054
31645.0,,-0.02053388090349073
11422.0,,-0.020689655172413834
9773.0,,-0.02083333333333337
17436.0,,-0.02083333333333337
14578.0,,-0.02083333333333337
56424.0,,-0.021052631578947323
59033.0,,-0.021093750000000022
59289.0,,-0.02124430955993928
50857.0,,-0.021739130434782594
1555.0,,-0.022222222222222254
960.0,,-0.02238805970149249
26116.0,,-0.022648083623693416
55809.0,,-0.022727272727272707
12897.0,,-0.0228013029315961
43060.0,,-0.02285714285714291
25022.0,,-0.02425876010781669
51138.0,,-0.02464788732394363
20413.0,,-0.024981897175959444
6016.0,,-0.025000000000000022
23176.0,,-0.025316455696202556
10838.0,,-0.025316455696202556
33971.0,,-0.02625152625152627
11696.0,,-0.02657807308970095
14062.0,,-0.027027027027026973
6968.0,,-0.02720147533425543
36810.0,,-0.027385892116182586
50902.0,,-0.02745512143611406
13546.0,,-0.02777777777777779
4894.0,,-0.02777777777777779
58233.0,,-0.028037383177570097
34091.0,,-0.02835538752362954
40578.0,,-0.02857142857142858
30069.0,,-0.02892561983471076
10550.0,,-0.028964518464880573
16365.0,,-0.029084239486440455
5423.0,,-0.029268292682926855
40273.0,,-0.030303030303030276
8868.0,,-0.030734685285243146
32646.0,,-0.03126954346466537
32142.0,,-0.031331592689295085
14434.0,,-0.03149606299212604
11000.0,,-0.03166666666666662
50557.0,,-0.03193376700177408
29603.0,,-0.03246753246753242
29087.0,,-0.032745591939546626
47981.0,,-0.03292181069958844
24308.0,,-0.03301886792452835
27752.0,,-0.033029001074113884
42188.0,,-0.033099297893681046
53415.0,,-0.03311529026982829
38794.0,,-0.03349282296650713
21550.0,,-0.033785734911926046
56958.0,,-0.03428571428571425
37333.0,,-0.03448275862068961
39568.0,,-0.03472222222222221
50109.0,,-0.03488372093023251
31889.0,,-0.03562945368171022
51180.0,,-0.03606853020739409
50861.0,,-0.0368421052631579
16649.0,,-0.03703703703703709
60266.0,,-0.03708653524891414
22463.0,,-0.037209302325581395
50071.0,,-0.037337662337662336
7533.0,,-0.037442922374429255
1146.0,,-0.03898635477582846
34308.0,,-0.03928571428571426
50216.0,,-0.0393258426966292
5549.0,,-0.03949447077409163
10387.0,,-0.03966005665722383
36579.0,,-0.039867109634551534
10257.0,,-0.03998323554065386
4636.0,,-0.040000000000000036
12466.0,,-0.040000000000000036
30441.0,,-0.04070796460176995
48993.0,,-0.04166666666666663
47756.0,,-0.041916167664670656
28621.0,,-0.04225352112676062
51560.0,,-0.04225352112676062
16161.0,,-0.04347826086956519
18443.0,,-0.04383358098068346
40086.0,,-0.04402515723270439
60873.0,,-0.045454545454545414
10703.0,,-0.04587155963302747
28967.0,,-0.04597701149425293
389.0,,-0.046511627906976716
35477.0,,-0.046875
38641.0,,-0.047214353163361644
20731.0,,-0.04761904761904767
47054.0,,-0.04761904761904767
54517.0,,-0.047876485486070486
3277.0,,-0.04788732394366202
8625.0,,-0.048327137546468446
52931.0,,-0.048387096774193505
15793.0,,-0.04854368932038833
17169.0,,-0.04909780841012934
43788.0,,-0.04938271604938271
38363.0,,-0.050473186119873836
11711.0,,-0.05128205128205132
61265.0,,-0.05128205128205132
13729.0,,-0.05128205128205132
45183.0,,-0.0514792899408284
5204.0,,-0.051948051948051965
2142.0,,-0.05258215962441315
29922.0,,-0.052631578947368474
54300.0,,-0.052631578947368474
47417.0,,-0.05312499999999998
12574.0,,-0.05319148936170215
21732.0,,-0.053333333333333344
31539.0,,-0.0535714285714286
17079.0,,-0.05379746835443033
50540.0,,-0.053892215568862256
6813.0,,-0.05411585365853655
37523.0,,-0.054545454545454564
16185.0,,-0.05504587155963303
26149.0,,-0.05530973451327437
57603.0,,-0.05555555555555558
53893.0,,-0.05555555555555558
50827.0,,-0.05747126436781613
48003.0,,-0.05761099365750533
38035.0,,-0.057651991614255715
26452.0,,-0.05794947994056465
13079.0,,-0.05811623246492981
3485.0,,-0.05820105820105825
5015.0,,-0.059113300492610876
20406.0,,-0.05913043478260871
51602.0,,-0.05978260869565222
551.0,,-0.060810810810810856
58513.0,,-0.060975609756097615
16707.0,,-0.061224489795918324
20073.0,,-0.06162246489859591
4358.0,,-0.06164383561643838
21180.0,,-0.06183184050852353
23632.0,,-0.06206896551724139
24645.0,,-0.0625
33599.0,,-0.06268842915063932
14751.0,,-0.06315789473684208
25689.0,,-0.06315789473684208
33714.0,,-0.06349206349206349
29609.0,,-0.06542056074766356
11146.0,,-0.06542056074766356
37476.0,,-0.06566738044254106
56627.0,,-0.065983606557377
30220.0,,-0.06754530477759468
38657.0,,-0.06756756756756754
57686.0,,-0.0679012345679012
41410.0,,-0.0680628272251309
56754.0,,-0.06818181818181823
6191.0,,-0.06832298136645965
21197.0,,-0.06868131868131866
11001.0,,-0.06994818652849744
25377.0,,-0.07011494252873562
59514.0,,-0.07019438444924408
22044.0,,-0.07029104887424487
2067.0,,-0.07065217391304346
38262.0,,-0.0714285714285714
39319.0,,-0.07203389830508478
54696.0,,-0.07203389830508478
12772.0,,-0.07228915662650603
31629.0,,-0.07250996015936251
48940.0,,-0.07272727272727275
8930.0,,-0.07310177705977383
39022.0,,-0.07317073170731703
54301.0,,-0.07329192546583851
21502.0,,-0.0735551663747811
4204.0,,-0.07387862796833777
40931.0,,-0.07432432432432434
11392.0,,-0.07439824945295404
37494.0,,-0.07478491065519521
50539.0,,-0.07481998199819984
38981.0,,-0.07499999999999996
27907.0,,-0.07505518763796915
10543.0,,-0.07526881720430112
40454.0,,-0.07534246575342463
49909.0,,-0.07541899441340782
58855.0,,-0.07547169811320753
43722.0,,-0.07594936708860756
1766.0,,-0.07692307692307687
58393.0,,-0.0780346820809249
56801.0,,-0.07822085889570551
13656.0,,-0.07846715328467158
15592.0,,-0.07894736842105265
30882.0,,-0.07923076923076922
30609.0,,-0.07925925925925925
22267.0,,-0.07957559681697612
32010.0,,-0.07999999999999996
35212.0,,-0.08176100628930816
12308.0,,-0.08185053380782914
48872.0,,-0.08198193938820864
25102.0,,-0.08247546085707447
41073.0,,-0.08333333333333337
32682.0,,-0.08333333333333337
55784.0,,-0.08353609083536095
16732.0,,-0.08438818565400841
27101.0,,-0.0847457627118644
20038.0,,-0.08499890182297387
21026.0,,-0.08513425016371967
17162.0,,-0.08520179372197312
54059.0,,-0.08524355300859598
55253.0,,-0.08544955387783115
33301.0,,-0.08564814814814814
17.0,,-0.08683473389355745
55012.0,,-0.08695652173913049
4799.0,,-0.08720930232558144
3151.0,,-0.08843537414965985
10884.0,,-0.08849557522123896
36591.0,,-0.08875739644970415
1369.0,,-0.08893709327548804
26906.0,,-0.08908973531310527
18885.0,,-0.09055118110236215
30563.0,,-0.09090909090909094
33103.0,,-0.09162895927601811
31842.0,,-0.09218203033838979
57885.0,,-0.09259259259259256
40345.0,,-0.09294605809128631
36816.0,,-0.09382716049382711
30733.0,,-0.0947488584474886
36508.0,,-0.09559748427672954
2065.0,,-0.09702660406885755
35346.0,,-0.09708737864077666
22646.0,,-0.09726443768996962
17985.0,,-0.09756097560975607
23270.0,,-0.09762022806147741
9984.0,,-0.09765625
57828.0,,-0.0976744186046512
20743.0,,-0.09883720930232553
20365.0,,-0.09956709956709953
53626.0,,-0.09999999999999998
18280.0,,-0.09999999999999998
17378.0,,-0.1004200076365025
37618.0,,-0.10066006600660071
18349.0,,-0.10087637516315495
9453.0,,-0.10126582278481011
28036.0,,-0.10135135135135132
55802.0,,-0.10160427807486627
11787.0,,-0.10169491525423724
33491.0,,-0.10201660735468565
58447.0,,-0.10204081632653061
38824.0,,-0.10291438979963574
11847.0,,-0.10377358490566035
62317.0,,-0.10399999999999998
23747.0,,-0.10408921933085502
48039.0,,-0.10416666666666663
54682.0,,-0.10552763819095479
6553.0,,-0.10580912863070535
9178.0,,-0.10590943975441292
62293.0,,-0.10606060606060608
3530.0,,-0.1063829787234043
5817.0,,-0.1063829787234043
43228.0,,-0.1063829787234043
28479.0,,-0.10671936758893286
52572.0,,-0.10680054769511638
56084.0,,-0.1071428571428571
53281.0,,-0.10731132075471694
55402.0,,-0.1073752711496746
52737.0,,-0.107981220657277
954.0,,-0.1095890410958904
6858.0,,-0.10964912280701755
55964.0,,-0.11016949152542377
33760.0,,-0.11111111111111116
42498.0,,-0.11111111111111116
22565.0,,-0.1129326047358834
22196.0,,-0.1132075471698113
19806.0,,-0.11428571428571432
41576.0,,-0.11511789181692089
25194.0,,-0.11515151515151512
10617.0,,-0.11518324607329844
54309.0,,-0.11650485436893199
60090.0,,-0.11711711711711714
55607.0,,-0.11711711711711714
25621.0,,-0.11764705882352944
49182.0,,-0.11940298507462688
32251.0,,-0.11959087332808815
290.0,,-0.12037037037037035
19211.0,,-0.12037037037037035
51018.0,,-0.12122385747482567
16353.0,,-0.12142857142857144
12564.0,,-0.1215970961887477
25473.0,,-0.12195121951219512
27853.0,,-0.12203389830508471
38822.0,,-0.12289562289562295
10066.0,,-0.12307692307692308
49061.0,,-0.12389380530973448
54864.0,,-0.12423625254582482
54598.0,,-0.12454873646209386
53576.0,,-0.12636415852958072
40232.0,,-0.12650602409638556
15597.0,,-0.12676056338028174
8229.0,,-0.12691466083150982
3970.0,,-0.12700803212851408
60708.0,,-0.12765957446808507
59680.0,,-0.12765957446808507
25198.0,,-0.12897822445561136
40818.0,,-0.12903225806451613
52879.0,,-0.12903225806451613
4500.0,,-0.12940907008703617
55267.0,,-0.12941176470588234
61867.0,,-0.12962962962962965
46671.0,,-0.1300765155974103
18773.0,,-0.13012477718360071
45128.0,,-0.13043478260869568
17694.0,,-0.13140311804008908
45562.0,,-0.13157894736842102
51274.0,,-0.13207547169811318
24702.0,,-0.1328125
26202.0,,-0.1330472103004292
13465.0,,-0.1333333333333333
35142.0,,-0.13372093023255816
56880.0,,-0.13441295546558707
24782.0,,-0.1348314606741573
18622.0,,-0.13559322033898302
61101.0,,-0.13571428571428568
50125.0,,-0.13636363636363635
50052.0,,-0.13723696248856354
18989.0,,-0.13749999999999996
21804.0,,-0.13799743260590502
53332.0,,-0.1384180790960452
40602.0,,-0.1392405063291139
43828.0,,-0.13953488372093026
21459.0,,-0.1407942238267148
62312.0,,-0.14084507042253525
4348.0,,-0.14084507042253525
57069.0,,-0.14119922630560933
15071.0,,-0.14148681055155876
30589.0,,-0.1415929203539823
36941.0,,-0.14233691216173794
23908.0,,-0.1428571428571429
47707.0,,-0.14358264081255767
22918.0,,-0.1444444444444445
20281.0,,-0.1454545454545455
17854.0,,-0.14622641509433965
38446.0,,-0.14634146341463417
60836.0,,-0.14746543778801846
3274.0,,-0.14814814814814814
54680.0,,-0.1489631823952603
29118.0,,-0.14919354838709675
23940.0,,-0.14935064935064934
60988.0,,-0.14968152866242035
37054.0,,-0.15012205044751836
11287.0,,-0.15258511979823453
56689.0,,-0.15384615384615385
15557.0,,-0.1541850220264317
25800.0,,-0.15530303030303028
11010.0,,-0.15540540540540537
2689.0,,-0.15714285714285714
15336.0,,-0.15786320519221164
15977.0,,-0.1578947368421053
25708.0,,-0.15822784810126578
32235.0,,-0.15841584158415845
35114.0,,-0.15847097097097096
27385.0,,-0.1597633136094675
11155.0,,-0.1601731601731602
44585.0,,-0.16114790286975722
40304.0,,-0.16129032258064513
25820.0,,-0.16145833333333337
48903.0,,-0.16217748795009923
20432.0,,-0.16249999999999998
25062.0,,-0.16326530612244894
52229.0,,-0.16564417177914115
12133.0,,-0.16587677725118488
36305.0,,-0.16666666666666663
55054.0,,-0.16797488226059654
13913.0,,-0.1685393258426966
16480.0,,-0.16969696969696968
12321.0,,-0.17021276595744683
3759.0,,-0.17142857142857137
43453.0,,-0.1719745222929936
43809.0,,-0.1722488038277512
47590.0,,-0.1724137931034483
43202.0,,-0.1728395061728395
9439.0,,-0.17305284247433006
42685.0,,-0.17310868847043281
39820.0,,-0.17391304347826086
48069.0,,-0.17592592592592593
51263.0,,-0.17695473251028804
29063.0,,-0.1771844660194175
14633.0,,-0.17741935483870963
18824.0,,-0.17753623188405798
21444.0,,-0.1777777777777778
36681.0,,-0.1796875
3287.0,,-0.18131868131868134
10036.0,,-0.18181818181818177
18133.0,,-0.18190661478599224
34229.0,,-0.1824294038547737
54330.0,,-0.18279569892473113
12605.0,,-0.18446601941747576
46324.0,,-0.18478260869565222
36491.0,,-0.18518518518518523
33953.0,,-0.18591549295774645
58541.0,,-0.18609865470852016
25652.0,,-0.1875
44200.0,,-0.19047619047619047
27820.0,,-0.1914191419141914
25183.0,,-0.19298245614035092
34993.0,,-0.19333333333333336
16504.0,,-0.19354838709677424
30710.0,,-0.1937984496124031
41711.0,,-0.19405673120216116
62022.0,,-0.19480519480519476
31754.0,,-0.19680851063829785
36945.0,,-0.19767441860465118
4117.0,,-0.19780219780219777
33044.0,,-0.1978260869565217
39819.0,,-0.19805743243243246
55458.0,,-0.19876952200662568
10817.0,,-0.1987951807228916
56471.0,,-0.19927536231884058
10295.0,,-0.20093131548311993
24074.0,,-0.20210293303818483
60342.0,,-0.2024793388429752
31524.0,,-0.20276497695852536
26833.0,,-0.20292651551696417
37145.0,,-0.2033898305084746
46136.0,,-0.20353982300884954
37886.0,,-0.20454545454545459
58899.0,,-0.2053571428571429
59968.0,,-0.20610687022900764
48297.0,,-0.2063492063492064
43293.0,,-0.20645161290322578
368.0,,-0.2068965517241379
11915.0,,-0.2072470172337605
59287.0,,-0.2075471698113207
10668.0,,-0.20826952526799392
12653.0,,-0.20967741935483875
51874.0,,-0.2097902097902098
58259.0,,-0.21176470588235297
16695.0,,-0.21212121212121215
48155.0,,-0.21243523316062174
55106.0,,-0.2142857142857143
16934.0,,-0.2145454545454546
55452.0,,-0.2155172413793104
39694.0,,-0.21621621621621623
42552.0,,-0.21694599627560518
469.0,,-0.217687074829932
38120.0,,-0.21823204419889508
59664.0,,-0.21897810218978098
27588.0,,-0.2196836555360281
21499.0,,-0.21999999999999997
48607.0,,-0.2206345870981299
53534.0,,-0.2230215827338129
38561.0,,-0.2233502538071066
48445.0,,-0.22448979591836737
36488.0,,-0.22519083969465647
17619.0,,-0.22522827189719308
54707.0,,-0.22627737226277367
26797.0,,-0.22765598650927488
24636.0,,-0.22807017543859653
338.0,,-0.22972972972972971
12620.0,,-0.23030303030303034
60815.0,,-0.23039215686274506
55378.0,,-0.23076923076923073
52958.0,,-0.23093681917211328
55879.0,,-0.23178807947019864
24088.0,,-0.23195380173243507
42709.0,,-0.23277467411545627
46846.0,,-0.2328042328042328
9241.0,,-0.235
12871.0,,-0.23529411764705888
50353.0,,-0.23571428571428577
29840.0,,-0.23684210526315785
53148.0,,-0.23694029850746268
48502.0,,-0.23809523809523814
54571.0,,-0.23972602739726023
37063.0,,-0.24137931034482762
19764.0,,-0.24188415022278809
3718.0,,-0.24292742927429278
20339.0,,-0.24390243902439024
52920.0,,-0.24489795918367352
31954.0,,-0.24489795918367352
23829.0,,-0.24521072796934862
46672.0,,-0.24606299212598426
45266.0,,-0.24609665427509297
17390.0,,-0.24625732262963762
38017.0,,-0.24935732647814912
19183.0,,-0.25
18535.0,,-0.25
13150.0,,-0.25
22264.0,,-0.2502424830261881
12345.0,,-0.2533333333333333
15417.0,,-0.25373134328358204
8043.0,,-0.25451197053406993
7564.0,,-0.2547169811320755
5517.0,,-0.256
7969.0,,-0.25704369130257243
8655.0,,-0.2598684210526315
43402.0,,-0.26086956521739135
49427.0,,-0.26086956521739135
22817.0,,-0.261437908496732
17217.0,,-0.26315789473684215
24164.0,,-0.2637362637362637
16532.0,,-0.26388888888888884
34913.0,,-0.26415094339622647
40930.0,,-0.26553225168183614
10331.0,,-0.26601346092211897
56850.0,,-0.2660594439117929
55284.0,,-0.2666666666666667
48264.0,,-0.2666666666666667
26600.0,,-0.2670454545454546
41474.0,,-0.2678571428571429
34852.0,,-0.2689655172413793
45108.0,,-0.26948051948051943
40153.0,,-0.27053140096618356
4095.0,,-0.27118644067796616
22881.0,,-0.27322404371584696
36330.0,,-0.2734375
52732.0,,-0.273972602739726
13062.0,,-0.27450980392156865
48795.0,,-0.2752808988764045
58302.0,,-0.275320970042796
34739.0,,-0.27561089011727025
54915.0,,-0.27586206896551724
17119.0,,-0.2792792792792793
6528.0,,-0.28
3703.0,,-0.2801822323462415
46759.0,,-0.28037383177570097
25954.0,,-0.28096249115357397
7734.0,,-0.281437125748503
30872.0,,-0.28205128205128205
45384.0,,-0.2831858407079646
16438.0,,-0.2836322869955157
35526.0,,-0.28402366863905326
836.0,,-0.2875
9977.0,,-0.28846153846153844
56448.0,,-0.28865979381443296
37832.0,,-0.2894736842105263
16821.0,,-0.2894736842105263
34066.0,,-0.29032258064516125
4420.0,,-0.29166666666666663
8724.0,,-0.29230769230769227
20188.0,,-0.2962962962962963
1190.0,,-0.29848363926576216
10460.0,,-0.30000000000000004
40474.0,,-0.30188679245283023
20240.0,,-0.3023255813953488
55319.0,,-0.3035714285714286
53628.0,,-0.3038277511961722
3429.0,,-0.3047085201793722
50223.0,,-0.3049645390070922
44463.0,,-0.3052631578947368
11321.0,,-0.3055555555555556
30702.0,,-0.30612244897959184
40752.0,,-0.30666666666666664
34125.0,,-0.3076923076923077
26403.0,,-0.308641975308642
30714.0,,-0.3087248322147651
39180.0,,-0.3125
34013.0,,-0.3125
5927.0,,-0.31257783312577836
32512.0,,-0.31343283582089554
42235.0,,-0.31343283582089554
23459.0,,-0.31818181818181823
43153.0,,-0.31818181818181823
19988.0,,-0.3206442166910688
26405.0,,-0.323943661971831
5418.0,,-0.32456140350877194
36122.0,,-0.32515337423312884
54531.0,,-0.32692307692307687
52211.0,,-0.32727272727272727
51963.0,,-0.32735426008968604
10930.0,,-0.32835820895522383
32210.0,,-0.33333333333333337
42462.0,,-0.33333333333333337
49386.0,,-0.3355263157894737
41754.0,,-0.3356164383561644
54268.0,,-0.33628318584070793
60609.0,,-0.33870967741935487
8926.0,,-0.339622641509434
2467.0,,-0.3402777777777778
34512.0,,-0.3417450812660393
40213.0,,-0.34375
26434.0,,-0.3441558441558441
47115.0,,-0.3457943925233645
44513.0,,-0.3457943925233645
55184.0,,-0.3472222222222222
16460.0,,-0.3474524248004911
17073.0,,-0.34782608695652173
43633.0,,-0.3506273062730627
28432.0,,-0.3529411764705882
8847.0,,-0.35443037974683544
54478.0,,-0.3571428571428571
11997.0,,-0.36923076923076925
10710.0,,-0.3709677419354839
55128.0,,-0.37254901960784315
59471.0,,-0.37254901960784315
60005.0,,-0.375
13270.0,,-0.37606837606837606
36114.0,,-0.37614678899082565
44211.0,,-0.3764705882352941
39151.0,,-0.37671232876712324
4730.0,,-0.3789473684210526
33231.0,,-0.3802816901408451
80.0,,-0.3833333333333333
24077.0,,-0.3846153846153846
49382.0,,-0.3851851851851852
224.0,,-0.3862718707940781
55395.0,,-0.3880597014925373
31962.0,,-0.390625
43207.0,,-0.3955223880597015
60410.0,,-0.3970588235294118
40901.0,,-0.39768339768339767
32818.0,,-0.4
25262.0,,-0.4018691588785047
6648.0,,-0.4027777777777778
24886.0,,-0.4029850746268657
6093.0,,-0.4117647058823529
42415.0,,-0.4200236966824644
36450.0,,-0.42028985507246375
16948.0,,-0.421875
10291.0,,-0.4222222222222223
60879.0,,-0.4242424242424242
5346.0,,-0.4242424242424242
52570.0,,-0.42647058823529416
57368.0,,-0.427536231884058
13564.0,,-0.4276729559748428
17448.0,,-0.4285714285714286
51421.0,,-0.4296296296296296
61622.0,,-0.4305555555555556
45523.0,,-0.4307692307692308
5371.0,,-0.4347826086956522
59286.0,,-0.4369747899159664
11978.0,,-0.44303797468354433
62244.0,,-0.44375
31898.0,,-0.4444444444444444
14652.0,,-0.4477611940298507
32699.0,,-0.44999999999999996
61645.0,,-0.4545454545454546
23928.0,,-0.4590163934426229
19089.0,,-0.45943482224247945
25817.0,,-0.4606741573033708
54463.0,,-0.4683544303797469
26003.0,,-0.4696132596685083
37150.0,,-0.4717948717948718
38491.0,,-0.475
41635.0,,-0.48275862068965514
22979.0,,-0.48920863309352514
43249.0,,-0.4897959183673469
9196.0,,-0.4910714285714286
16921.0,,-0.5060975609756098
30101.0,,-0.5065502183406114
56911.0,,-0.5094339622641509
51436.0,,-0.5108695652173914
12547.0,,-0.5113636363636364
5563.0,,-0.5121693121693122
4798.0,,-0.5157545605306799
7390.0,,-0.5196850393700787
30358.0,,-0.52
42991.0,,-0.5225225225225225
45547.0,,-0.5433526011560694
24062.0,,-0.5454545454545454
28987.0,,-0.5486725663716814
58978.0,,-0.5595238095238095
40119.0,,-0.5605381165919283
5619.0,,-0.5639913232104121
18411.0,,-0.5680000000000001
3787.0,,-0.575
48510.0,,-0.5808823529411764
23531.0,,-0.5845070422535211
23834.0,,-0.5846153846153845
33121.0,,-0.5848375451263538
34719.0,,-0.5900900900900901
31502.0,,-0.5925925925925926
36420.0,,-0.5935483870967742
51144.0,,-0.5988023952095809
25011.0,,-0.6107784431137724
61926.0,,-0.6111111111111112
46540.0,,-0.6293706293706294
40462.0,,-0.6442953020134228
31761.0,,-0.6553398058252426
9009.0,,-0.664021164021164
22760.0,,-0.6666666666666667
48166.0,,-0.6711711711711712
50263.0,,-0.6759259259259259
59061.0,,-0.6779661016949152
2004.0,,-0.696319018404908
18081.0,,-0.7022058823529411
51510.0,,-0.7044025157232705
18322.0,,-0.7228915662650602
33120.0,,-0.7398843930635839
